question_type,source_text,generated_summary,expert_adaptation,source_fk,source_smog,generated_fk,generated_smog,expert_fk,expert_smog,fk_reduction,tokens,error,n_claims,simplification_score,elaboration_score,overall_score,n_simplification,n_elaboration,consistency_error
B,"Gabapentin (GBP) is an organic cation mainly eliminated unchanged in urine, and active drug secretion has been suggested to contribute to its renal excretion. Our objective was to evaluate the potenti","Gabapentin (GBP) is a medicine that mostly leaves the body through urine. It is thought that how the body gets rid of GBP might be affected by other drugs. We wanted to see how cetirizine (CTZ), a drug that affects how the body handles organic cations like GBP, interacts with it.

We did a study with patients who have nerve pain. There were 12 people in the study. They received either a single dose of 300 mg of GBP or took 20 mg of CTZ every day for 5 days, and then 300 mg of GBP on the last day. We checked their blood and pain levels for up to 36 hours after taking GBP.

We also looked at how GBP and CTZ worked in special kidney cells in the lab. We found that when patients took CTZ, the amount of GBP in their blood was lower compared to when they only took GBP. This lower amount of GBP meant that it helped their pain less. However, the way GBP was cleared from the body was similar in both treatments.

In the lab, we found that GBP does not strongly bind to one type of transporter but binds more strongly to others. CTZ interacts with some of these transporters at normal","Gabapentin (GBP) is a nerve-related pain medication that is mainly removed from the body in urine, and is also processed by the kidneys. The objective of this study is to evaluate how gabapentin may i",12.23,14.65,5.84,8.38,11.35,13.02,6.39,733,,13,0.9,0.8571428571428571,0.8823529411764706,10,7,
B,Diets low in carbohydrates and proteins and enriched in fat stimulate the hepatic synthesis of ketone bodies (KB). These molecules are used as alternative fuel for energy production in target tissues.,"Low-carb and low-protein diets that are high in fat help the liver make ketone bodies (KB). These KB are used as an alternative energy source by the body. The body controls how KB are made and used through various signals and hormones. 

A special protein called PPARα helps manage the process of making KB. It responds to what we eat and helps control fat breakdown and KB production. New factors like our body’s internal clock and certain signals between cells are also important in this process. 

KB are not just energy sources; they also send signals in the body. One type of KB, called β-hydroxybutyrate, can affect how genes work. 

Ketogenic diets (KD) are used to treat some types of epilepsy in babies, especially those caused by genetic problems. Researchers are now looking into using KD for other diseases like cancer and brain or metabolic disorders. However, more research is needed to prove that KD works for these other health issues before recommending it for those conditions.",Diets low in carbohydrates and proteins but high in fat stimulate the liver to make fat-related energy molecules called ketone bodies (KB). Ketone bodies are molecules used as alternate fuel to produc,17.49,18.67,8.42,10.83,15.98,16.99,9.07,553,,11,1.0,1.0,1.0,2,9,
B,"Background: The basolateral potassium channel in the distal convoluted tubule (DCT), comprising the inwardly rectifying potassium channel Kir4.1/Kir5.1 heterotetramer, plays a key role in mediating th","Background: A special potassium channel in a part of the kidney called the distal convoluted tubule (DCT) helps control how the body uses potassium from food. This channel is made up of two parts called Kir4.1 and Kir5.1. We don’t know how Kir5.1 affects potassium levels in the body when we eat different amounts of potassium.

Methods: We studied how Kir4.1 works in the DCT and how it relates to a protein called NCC in two types of mice: those with Kir5.1 and those without it. We fed them diets that were normal, high, or low in potassium and looked at how their kidneys worked.

Results: We found two types of potassium channels in the DCT of both types of mice. Mice without Kir5.1 had higher potassium movement in their DCT when they ate a normal potassium diet. They also had changes in their kidney function that helped them get rid of more sodium when given a medicine called thiazide. Eating high or low potassium didn’t change how potassium moved in the DCT of mice without Kir5.1. In mice with Kir5.1, high potassium reduced and low potassium increased the activity of NCC, but this didn",Potassium channels are proteins that allow rapid and careful flow of potassium ions (an atom that carries an electrical charge) across the cell boundary and generates electrical signals in cells. Two ,14.91,16.08,6.29,9.02,12.31,13.68,8.62,748,,10,1.0,0.0,0.9,9,1,
B,Objective: To compare the accuracy of procalcitonin and C-reactive protein as diagnostic markers of bacterial infection in critically ill children at the onset of systemic inflammatory response syndro,"Objective: This study looked at how well two tests, procalcitonin and C-reactive protein, can help doctors find bacterial infections in very sick children who show signs of a serious body response called systemic inflammatory response syndrome (SIRS).

Design: This was a study where researchers followed a group of patients over time.

Setting: The study took place in a special hospital unit for critically ill children.

Patients: The study included children who had SIRS.

Interventions: From June to December 2002, doctors checked all patients in the unit every day to find those with SIRS. When a child was included in the study, their procalcitonin and C-reactive protein levels were tested, and other samples were taken. Doctors later decided if there was a bacterial infection based on expert opinions, without knowing the test results. They also collected information about how sick the children were, how their organs were working, and what happened to them.

Measurements and main results: Sixty-four children were part of the study. They were later divided into two groups: those with bacterial SIRS (25 children) and those with nonbacterial SIRS (39 children). The procalcitonin levels were much higher in children with bacterial infections than in",The study's objective is to compare the accuracy of procalcitonin (a prototype molecule for a calcium-regulating molecule) and C-reactive protein (a marker of inflammation) as markers of bacterial inf,15.13,16.16,11.11,12.87,13.62,14.96,4.02,722,,11,0.9,1.0,0.9166666666666666,10,2,
B,"Background: In autosomal dominant polycystic kidney disease (ADPKD), cyst development and enlargement lead to ESKD. Macrophage recruitment and interstitial inflammation promote cyst growth. TWEAK is a","Background: In a disease called autosomal dominant polycystic kidney disease (ADPKD), cysts form and grow in the kidneys. This can lead to kidney failure. Certain immune cells called macrophages and inflammation help these cysts grow. TWEAK is a protein that helps control inflammation, cell growth, and cell death. It works through a receptor called Fn14, which is found in macrophages and kidney cells.

Methods: To understand how TWEAK affects cyst growth, we looked at how Fn14 is expressed in human kidneys and in a mouse model of ADPKD. We also tested how activating or blocking TWEAK affects cyst growth by injecting it into the abdomen of mice.

Results: A review of studies on animal models showed that many parts of the TWEAK signaling pathway were increased in cystic disease. We found that TWEAK and Fn14 were higher in the kidney cysts of mice with ADPKD. Also, TWEAK levels were much higher in the urine and fluid from cysts in patients with ADPKD. When we gave TWEAK to mice, it caused more cysts to form and grow larger, making the disease worse. However, using anti-TWEAK antibodies slowed","In autosomal dominant polycystic kidney disease (ADPKD), an inherited disorder that causes cysts (growths) in the kidneys, cyst development and enlargement lead to end-stage kidney disease. The recrui",16.18,16.58,7.84,9.73,15.37,16.53,8.34,676,,12,1.0,0.8333333333333334,0.9285714285714286,8,6,
B,"Background: Primary progressive aphasia (PPA) is associated with amyloid-β (Aβ) pathology. However, clinical feature of PPA based on Aβ positivity remains unclear. Objective: We aimed to assess the pr","Background: Primary progressive aphasia (PPA) is a type of language problem linked to a protein called amyloid-β (Aβ). We wanted to learn more about how common Aβ is in PPA patients and how their symptoms differ based on whether they have Aβ or not. We also looked at another protein called tau in some patients. 

Methods: We studied 110 patients with PPA. They were divided into four groups: 41 had semantic PPA (svPPA), 27 had non-fluent PPA (nfvPPA), 32 had logopenic PPA (lvPPA), and 10 were unclassified (ucPPA). All patients had a special brain scan called Aβ-PET. We compared their language problems and brain changes based on whether they had Aβ or not.

Results: The highest number of Aβ-positive patients was in the lvPPA group (81.3%). The ucPPA group had 60.0%, nfvPPA had 18.5%, and svPPA had 9.8%. Patients with Aβ had more brain shrinkage in certain areas and scored lower on tests that measure how well they can repeat words compared to","Primary progressive aphasia (PPA), a disease that damages nerve tissue, is associated with amyloid-β (Aβ) pathology. Amyloid-β (Aβ) pathology is the accumulation of protein plaques in the brain. Howev",13.23,14.66,6.43,8.34,11.33,13.33,6.8,701,,10,1.0,1.0,1.0,8,3,
B,Background: Inflammation-mediated lung injury is a major cause of health problems in many countries and has been the leading cause of morbidity/mortality in intensive care units. In the current COVID-,"Background: Lung injury caused by inflammation is a big health problem in many countries. It is one of the main reasons people get very sick or die in intensive care units. During the COVID-19 pandemic, many patients had serious pneumonia because of inflammation, known as Acute Respiratory Distress Syndrome (ARDS). When infections happen, the body’s immune cells can go into overdrive and release too many substances called cytokines. This can lead to ARDS. Right now, there are no standard treatments for this kind of cytokine release syndrome caused by viruses or bacteria.

Purpose: This study looked at how Dehydrozingerone (DHZ) can protect lung cells from injury caused by a substance called LPS. We wanted to understand how DHZ works to help these cells.

Methods: We tested DHZ in lab models. First, we treated the cells with DHZ and then exposed them to LPS to trigger inflammation. We measured how DHZ affected the levels of inflammatory substances and cell damage. We used different tests to see how DHZ influenced inflammation and its effects on certain pathways in the body. We also tested DHZ in rats to see how it worked against LPS-induced ARDS.

Results: DHZ significantly reduced harmful substances and","Lung injuries caused by inflammation (redness and swelling from fighting an infection) in the body is a major cause of health problems in several countries. Additionally, inflammation is a leading cau",15.32,16.13,8.39,10.76,11.03,12.46,6.93,820,,14,1.0,1.0,1.0,10,6,
B,"Vitamin B6 is one of the central molecules in the cells of living organisms. Water-soluble vitamin B6 is widely present in many foods, including meat, fish, nuts, beans, grains, fruits, and vegetables","Vitamin B6 is an important nutrient found in the cells of living things. It is a water-soluble vitamin, which means it dissolves in water. You can find Vitamin B6 in many foods like meat, fish, nuts, beans, grains, fruits, and vegetables. It is also in many multivitamins for both adults and kids. Sometimes, it is added to foods, energy bars, and powders.

There are different forms of Vitamin B6. These include pyridoxine, pyridoxal, and pyridoxamine. The main forms that our bodies use are called pyridoxal 5'phosphate (PLP) and pyridoxamine 5'phosphate (PMP). In meats, the main form is the esters, while in plants, the most common form is pyridoxine, which is not as easily used by the body. Pyridoxine is the type you usually find in multivitamins.

Vitamin B6 helps with over 100 chemical reactions in the body. It is important for breaking down carbohydrates and proteins, and it helps with fat metabolism. It also plays a key role in how cells work. Vitamin B6 is involved in making neurotransmitters,","Vitamin B6 is one of the most important molecules in the cells of living organisms. Vitamin B6 dissolves in water. It is widely present in many foods, including meat, fish, nuts, beans, grains, fruits",13.68,15.81,7.69,11.35,11.27,13.98,5.99,700,,14,1.0,1.0,1.0,7,6,
B,"Animal and human studies suggest that vitamin B6 deficiency affects both humoral and cell-mediated immune responses. Lymphocyte differentiation and maturation are altered by deficiency, delayed-type h","Studies on animals and humans show that not getting enough vitamin B6 can harm the immune system. This means that the body’s ability to fight off infections is affected. When there is a lack of vitamin B6, certain immune cells, called lymphocytes, do not develop properly. This can lead to a weaker response to infections and lower production of antibodies, which help fight germs.

Taking enough vitamin B6 can help restore these immune functions. However, taking very large doses does not provide extra benefits compared to taking a moderate amount. More studies on people suggest that vitamin B6 levels might also affect how tumors grow and how diseases progress.

Not having enough vitamin B6 has been linked to changes in the immune system in older adults, people with HIV, and those with kidney problems or rheumatoid arthritis. Future research should look into how vitamin B6 affects the immune system and find out how much is safe to take for the best immune response.",Animal and human research studies suggest that vitamin B6 deficiency (not enough vitamin B6) affects the immune system. White blood cell function and antibody production are damaged. Delayed allergy r,18.77,18.6,10.22,12.06,12.03,13.02,8.55,416,,9,1.0,1.0,1.0,5,4,
B,"""Inborn errors of metabolism,"" first recognized 100 years ago by Garrod, were seen as transforming evidence for chemical and biological individuality. Phenylketonuria (PKU), a Mendelian autosomal rece","""Inborn errors of metabolism"" are problems in how our bodies process food and chemicals. They were first noticed 100 years ago by a doctor named Garrod. One of these problems is called phenylketonuria, or PKU for short. It was discovered in 1934 by a scientist named Asbjörn Fölling. PKU affects how the brain develops after birth because of high levels of a substance called phenylalanine in the blood.

Phenylalanine comes from the food we eat. Some people have a change in their genes that makes it hard for their bodies to break down phenylalanine. This change happens in a gene called PAH, which is found on chromosome 12. The PAH gene helps make an enzyme that turns phenylalanine into another substance called tyrosine. This process needs oxygen and a helper called BH4.

PKU was one of the first genetic diseases to be tested for in newborns. This testing has helped many people get treatment early. The story of PKU has taught us a lot about genetic diseases and how they can vary from person to person. Each person with PKU has their own unique situation, and treatment is tailored to them. Learning about PKU","""Inborn errors of metabolism,"" or inherited disorders in which the body cannot properly turn food into energy, first seen by a doctor 100 years ago, were important support for the idea that people hav",15.34,17.02,6.36,9.56,14.68,16.16,8.98,706,,14,1.0,1.0,1.0,6,8,
C,"Edema is an accumulation of fluid in the interstitial space that occurs as the capillary filtration exceeds the limits of lymphatic drainage, producing noticeable clinical signs and symptoms. The rapi","Edema is when extra fluid builds up in your body, usually in the spaces between your cells. This happens when the tiny blood vessels leak more fluid than the lymphatic system can drain away. You might notice swelling and other signs when this occurs. 

If you suddenly have swelling all over your body, it’s important to see a doctor quickly. Long-term swelling in your legs can mean that your veins are not working well, especially if the swelling gets worse when you sit or stand for a long time. Taking care of your skin is very important to avoid sores and ulcers.

If you have a skin rash from the swelling, using moisturizing creams and steroid creams can help. If you’ve had a blood clot in your leg, wearing compression stockings can help prevent more problems later on.

If your doctor thinks you might still have a blood clot after an ultrasound shows nothing, they might do another test called magnetic resonance venography to check for clots in your pelvis or thigh.

Sometimes, a sleep problem called obstructive sleep apnea can cause swelling in both legs, even if you don’t have high blood pressure in your lungs. 

Lymphedema is another type of swelling that can make your skin feel thick and does not leave a mark when","Edema is a build up of fluid in the body's tissues and does not drain properly, producing noticeable clinical signs and symptoms. The rapid development of pitting edema, which is when pressing into th",16.11,17.33,8.53,10.44,15.43,16.69,7.58,597,,11,1.0,1.0,1.0,3,8,
C,"Coronavirus Disease 2019 (COVID-19) caused by a novel betacoronavirus SARS-CoV-2 has been an ongoing global pandemic. Several vaccines have been developed to control the COVID-19, but the potential ef","COVID-19 is a disease caused by a new virus called SARS-CoV-2. It has spread around the world. To help control COVID-19, several vaccines have been made, but we still need to learn more about a type of vaccine that works in the nose and mouth.

In this study, we created a special version of a bacteria called L. plantarum that can produce a part of the SARS-CoV-2 virus. This part is called the receptor-binding domain (RBD), which is important for the virus to enter our cells. We found the best way to make this RBD was by using a specific amount of an inducer at a certain temperature for a set time.

Next, we tested this L. plantarum with the RBD in mice by giving it to them through their noses. The results showed that this treatment made the mice produce special antibodies called IgA in their respiratory and intestinal areas. These antibodies help protect against infections. We also saw an increase in certain immune cells in the mice's spleens, which means their immune system was responding well.

This study suggests that our L. plantarum with RBD could work as a vaccine that helps the body fight against SARS-CoV-2. This is","Coronavirus Disease 2019 (COVID-19), a breathing-related disease caused by a novel coronavirus SARS-CoV-2, has been an ongoing global pandemic. Several vaccines have been developed to control the COVI",13.09,14.94,6.45,8.84,16.02,16.22,6.64,619,,12,1.0,1.0,1.0,10,3,
C,Background: Depression is the single largest contributor to non-fatal health loss worldwide. Second-generation antidepressants are the first-line option for pharmacological management of depression. O,"Background: Depression is the biggest cause of health problems that don’t lead to death around the world. Second-generation antidepressants are the first choice for treating depression with medicine. It’s important to use these medicines correctly to help reduce the impact of depression. However, there is still discussion about how much medicine to give and what the best dose is. We wanted to gather the best information available to answer this question.

Findings: We found 28,554 records in our search (24,524 published and 4,030 unpublished). We looked at 561 published and 121 unpublished full-text records to see if they could be included, and we ended up including 77 studies with 19,364 participants. The average age of the participants was about 42 years, and 60.9% of them were women. For a type of antidepressant called SSRIs, we found that increasing the dose helped up to between 20 mg and 40 mg. After that, the benefits did not increase much, even at higher doses up to 80 mg. More people stopped taking the medicine because of side effects as the dose increased. The best dose for SSRIs that people could accept was between 20 mg and 40 mg.","Depression is the single largest contributor to non-fatal health loss worldwide. New antidepressants, also called second-generation antidepressants, (medications used to treat depression and other dis",15.11,15.6,8.11,11.05,15.94,16.1,7.0,718,,11,1.0,1.0,1.0,10,2,
C,"Current monitoring technologies are unable to detect early, compensatory changes that are associated with significant blood loss. We previously introduced a novel algorithm to calculate the Compensato","Current monitoring tools can't find early signs of serious blood loss. We created a new method to measure something called the Compensatory Reserve Index (CRI). This is based on looking at blood flow patterns from a special test called a photoplethysmogram.

In this study, we thought that CRI would be better at spotting blood loss than regular vital signs, like heart rate and blood pressure. We looked at data from 20 people before, during, and after they lost about 1.2 liters of blood in a controlled way.

We found that CRI dropped by 33% as blood loss increased, while vital signs didn't show big changes. The CRI was very good at detecting blood loss, with a score of 0.90. This means it was accurate 80% of the time and correctly identified those without blood loss 76% of the time. In comparison, traditional measures like blood pressure and heart rate were not as effective.

Our findings support our idea that CRI is better at detecting blood loss and recovery than other common measures. Using CRI could help doctors make better decisions faster and notice when a patient is getting worse sooner.","Current monitoring technologies cannot detect early, counterbalancing changes associated with significant blood loss. We previously showed a new mathematical equation to calculate the counterbalancing",16.35,16.53,7.91,9.93,13.75,14.84,8.44,611,,11,1.0,1.0,1.0,8,4,
C,"Background: The humoral immune response after primary immunisation with a SARS-CoV-2 vector vaccine (AstraZeneca AZD1222, ChAdOx1 nCoV-19, Vaxzevria) followed by an mRNA vaccine boost (Pfizer/BioNTech","**Background:** This study looked at how well the immune system responds after getting a COVID-19 vaccine. It compared two types of vaccination: one where people got a vector vaccine (AstraZeneca) first and then an mRNA vaccine (like Pfizer or Moderna) as a booster, and another where people got the same vaccine twice (either AstraZeneca or Pfizer).

**Methods:** Blood samples from 59 people who were vaccinated were tested for antibodies against the virus. These tests looked for a specific type of antibody called IgG and for the ability of the blood to neutralize the virus. The tests were done before and after the booster shot. They also tested a smaller group of 26 people to see how well their blood could fight against a specific variant of the virus called B.1.617.2 (delta).

**Results:** After the first vaccine, the amount of IgG antibodies varied. For those who got AstraZeneca, 55-95% had the antibodies, while 100% of those who got Pfizer had them. After the booster shot, everyone showed a strong antibody response. They had high levels of IgG that targeted important parts of the virus, and they could neutralize the B.1.1.7 variant",We studied how the immune system responds to Pfizer or Moderna booster after AstraZeneca COVID-19 vaccination. We compared these cross-vaccine boosters to using the same boosters as the original vacci,12.87,14.55,9.64,11.0,10.71,11.6,3.23,1143,,10,1.0,,1.0,10,0,
C,"Background: While Coronavirus disease 2019 (Covid-19) vaccines are highly effective, breakthrough infections are occurring. Booster vaccinations have recently received emergency use authorization (EUA","Background: Covid-19 vaccines work well, but some people still get infected after being vaccinated. Recently, booster shots were approved for certain groups, but they can only be the same type as the original vaccines. We looked at how well both the same type (homologous) and different types (heterologous) of booster shots work in people who had already received a Covid-19 vaccine.

Methods: In this study, we tested adults at ten locations in the U.S. who had received one of three Covid-19 vaccines at least 12 weeks before joining the study. These adults had not had a Covid-19 infection. They received a booster shot with one of three vaccines: Moderna, Janssen, or Pfizer-BioNTech. We looked at safety, side effects, and how well the booster increased the immune response on days 15 and 29 after the shot.

Results: A total of 458 people took part in the study. 154 got the Moderna booster, 150 got the Janssen booster, and 153 got the Pfizer booster. The side effects were similar to those from the first vaccine series. More than half of the participants reported pain at the injection site, feeling tired, headaches, and muscle aches","Coronavirus disease 2019 vaccines protect against Covid-19 well, but some vaccinated people may get sick, which is called breakthrough infections. Boosters with the same Pfizer or Moderna vaccines are",12.52,13.53,7.98,9.93,9.91,12.01,4.54,743,,11,1.0,0.0,0.9090909090909091,10,1,
C,"The objective of this study was to evaluate whether first-degree relatives (FDRs) of patients with type 2 diabetes had abnormal circadian insulin secretion and, if so, whether this abnormality affecte","The goal of this study was to see if close family members (like parents or siblings) of people with type 2 diabetes have problems with how their body releases insulin throughout the day. We also wanted to find out if these problems affected how their body uses sugar.

We looked at six African-American family members who did not have diabetes but were related to someone with it. We also had 12 control subjects who had no family history of diabetes. Both groups were given a sugar solution for two days to see how their bodies reacted.

We measured how much insulin they released by checking a substance called C-peptide in their blood. We used special methods to analyze this data. 

At first, the family members released about 60% more insulin than the control subjects. However, both groups took in sugar at the same rate, which means the family members were not responding well to insulin. 

The control subjects had a regular pattern of insulin release that went up in the morning, peaked in the afternoon, and went down at night. But the family members had a different pattern. Their insulin release was not steady and did not follow the normal daily cycle. This made it hard for them to keep up with the extra insulin needed when their blood sugar was high","Insulin secretion is the body's release of insulin, the hormone that helps control blood sugar and metabolism. The objective of this study is to evaluate whether first-degree relatives (a person's par",13.25,14.84,8.93,11.66,16.62,17.6,4.32,748,,12,1.0,1.0,1.0,9,2,
C,"COVID-19 may cause pneumonia, acute respiratory distress syndrome, cardiovascular alterations, and multiple organ failure, which have been ascribed to a cytokine storm, a systemic inflammatory respons","COVID-19 can lead to serious health problems like pneumonia, trouble breathing, heart issues, and failure of multiple organs. These problems happen because of a strong reaction from the immune system called a cytokine storm, which causes inflammation in the body. COVID-19 can also cause an imbalance in oxidative stress, which is when harmful substances build up in the body.

N-Acetyl-L-cysteine (NAC) is a substance that helps make a protective compound called glutathione (GSH). NAC is safe to use and has been suggested for different health issues related to low levels of GSH and oxidative stress. At very high doses, NAC can also help treat overdoses of paracetamol (a common pain reliever).

NAC can block a protein that helps the COVID-19 virus enter our cells. Because of its ability to fight against harmful substances and reduce inflammation, taking NAC by mouth might lower the chance of getting COVID-19, similar to what has been seen with the flu.

Additionally, giving NAC in high doses through an IV (a tube into the vein) might help treat severe cases of COVID-19 and manage serious problems like lung and heart issues.","COVID-19 (a viral breathing-related disorder) may cause diseases such as pneumonia (lung infection), heart-related changes, and multiple organ failure, which has been related to cytokine storm (an imm",16.42,16.83,10.42,12.26,16.56,16.83,6.0,575,,9,0.8571428571428571,0.8333333333333334,0.8461538461538461,7,6,
C,"Background and purpose: In childhood epilepsy, genetic etiology is increasingly recognized in recent years with the advent of next generation sequencing. This has broadened the scope of precision medi","**Background and Purpose:** In recent years, doctors have learned that some childhood epilepsy cases are caused by genetic changes. This new understanding helps us treat epilepsy better, especially severe cases called epileptic encephalopathy (EE). Many children with uncontrolled epilepsy also have developmental disorders (DD). This study looked at the genetic causes of childhood epilepsy and DD.

**Methods:** We studied 40 children who had both epilepsy and DD, and who were found to have genetic changes. This research took place in a hospital in Bangladesh from January 2019 to December 2020. We used a special genetic test called next generation sequencing. We also did brain wave tests (electroencephalography) and brain scans (neuroimaging) for all the children.

**Results:** We included 40 children in the study. The average age of the children was about 3 and a half years, and most of them were boys (67.5%). The most common type of seizure they had was called generalized seizure. Many of these children also had problems with learning and attention, like intellectual disability and attention deficit hyperactivity disorder (ADHD). 

We found that 17 of the children had a specific type of early infantile EE caused by genetic changes.","For the study's background, in childhood epilepsy, genetic causes are increasingly recognized in recent years with the use of gene labeling or sequencing. This has increased the scope of individualize",13.85,15.32,10.48,12.77,13.52,15.34,3.37,700,,12,1.0,1.0,1.0,11,2,
C,"Objectives: Both antidepressant medications and psychological therapy are common treatments for depression in postpartum women. Antidepressant treatment may have a number of practical disadvantages, i","Objectives: Many women who have just given birth may feel depressed. They can be treated with medicine or therapy. Some women prefer not to take medicine while breastfeeding. So, it’s important to understand how well these treatments work for new mothers. Some studies suggest that using both medicine and therapy together might work better than using just one of them. However, there isn’t much evidence about this for new mothers. 

Method: In this study, 45 new mothers with depression were divided into three groups. One group received cognitive behavioral therapy (CBT), another group took a medicine called sertraline, and the third group got both treatments. The women were checked weekly for 12 weeks and again after 24 weeks.

Results: All three treatments helped reduce feelings of depression and anxiety. The group that only had CBT showed better results than the group that only took sertraline or the group that had both treatments after 12 weeks. The CBT group also showed improvement faster than the others.

Conclusions: In this study, CBT was found to be more effective than sertraline for treating postnatal depression. This is different from some earlier studies that didn’t find a clear difference between medicine and therapy. This study looked closely at CBT alone for",Both antidepressant medications and psychological therapy are common treatments for depression in women after childbirth (postpartum depression-PPD). Antidepressant treatment may have a number of prac,16.01,17.77,8.32,11.73,13.27,15.37,7.69,688,,15,1.0,1.0,1.0,12,6,
