record_id,source,literacy_band,pool_size,rank,precision_at_1,recall_at_5,recall_at_10,reciprocal_rank
mirage_37841,mirage,low,4264,1,1,1,1,1.0
medmcqa_25776,medmcqa,low,4264,1,1,1,1,1.0
medmcqa_21707,medmcqa,low,4264,1,1,1,1,1.0
medmcqa_24964,medmcqa,low,4264,9,0,0,1,0.1111111111111111
medmcqa_26477,medmcqa,low,4264,1,1,1,1,1.0
mirage_33122,mirage,low,4264,1,1,1,1,1.0
medmcqa_20832,medmcqa,low,4264,1,1,1,1,1.0
medmcqa_19745,medmcqa,low,4264,1,1,1,1,1.0
medmcqa_21888,medmcqa,low,4264,1,1,1,1,1.0
medmcqa_25065,medmcqa,low,4264,1,1,1,1,1.0
medmcqa_22241,medmcqa,low,4264,1,1,1,1,1.0
medmcqa_30501,medmcqa,low,4264,1,1,1,1,1.0
medmcqa_23889,medmcqa,low,4264,2,0,1,1,0.5
medmcqa_20990,medmcqa,low,4264,1,1,1,1,1.0
medmcqa_15457,medmcqa,low,4264,1,1,1,1,1.0
medmcqa_27968,medmcqa,low,4264,1,1,1,1,1.0
medmcqa_18848,medmcqa,low,4264,1,1,1,1,1.0
mirage_37033,mirage,low,4264,1,1,1,1,1.0
medmcqa_28728,medmcqa,low,4264,1,1,1,1,1.0
mirage_34014,mirage,low,4264,1,1,1,1,1.0
medmcqa_29090,medmcqa,low,4264,1,1,1,1,1.0
medmcqa_18370,medmcqa,low,4264,1,1,1,1,1.0
mirage_34443,mirage,low,4264,1,1,1,1,1.0
medmcqa_20001,medmcqa,low,4264,1,1,1,1,1.0
medmcqa_22555,medmcqa,low,4264,1,1,1,1,1.0
medmcqa_22431,medmcqa,low,4264,1,1,1,1,1.0
medmcqa_25539,medmcqa,low,4264,55,0,0,0,0.01818181818181818
medmcqa_23294,medmcqa,low,4264,2,0,1,1,0.5
medmcqa_14188,medmcqa,low,4264,1,1,1,1,1.0
medmcqa_13568,medmcqa,low,4264,1,1,1,1,1.0
mirage_37871,mirage,low,4264,1,1,1,1,1.0
mirage_37696,mirage,low,4264,1,1,1,1,1.0
medmcqa_26405,medmcqa,low,4264,1,1,1,1,1.0
medmcqa_19999,medmcqa,low,4264,1,1,1,1,1.0
medmcqa_23657,medmcqa,low,4264,1,1,1,1,1.0
medmcqa_11842,medmcqa,low,4264,2,0,1,1,0.5
medmcqa_26089,medmcqa,low,4264,1,1,1,1,1.0
mirage_37367,mirage,low,4264,1,1,1,1,1.0
medmcqa_21358,medmcqa,low,4264,1,1,1,1,1.0
mirage_33577,mirage,low,4264,1,1,1,1,1.0
medmcqa_11905,medmcqa,low,4264,1,1,1,1,1.0
medmcqa_29756,medmcqa,low,4264,1,1,1,1,1.0
medmcqa_28723,medmcqa,low,4264,1,1,1,1,1.0
medmcqa_18910,medmcqa,low,4264,1,1,1,1,1.0
medmcqa_13873,medmcqa,low,4264,1,1,1,1,1.0
mirage_34102,mirage,low,4264,2,0,1,1,0.5
medmcqa_16123,medmcqa,low,4264,1,1,1,1,1.0
medmcqa_12095,medmcqa,low,4264,1,1,1,1,1.0
mirage_37395,mirage,low,4264,1,1,1,1,1.0
medmcqa_14564,medmcqa,low,4264,1,1,1,1,1.0
medmcqa_28905,medmcqa,low,4264,15,0,0,0,0.06666666666666667
medmcqa_27833,medmcqa,low,4264,1,1,1,1,1.0
medmcqa_22220,medmcqa,low,4264,1,1,1,1,1.0
medmcqa_26190,medmcqa,low,4264,1,1,1,1,1.0
medmcqa_27249,medmcqa,low,4264,1,1,1,1,1.0
medmcqa_13267,medmcqa,low,4264,18,0,0,0,0.05555555555555555
medmcqa_23557,medmcqa,low,4264,1,1,1,1,1.0
medmcqa_20589,medmcqa,low,4264,1,1,1,1,1.0
medmcqa_19412,medmcqa,low,4264,1,1,1,1,1.0
medmcqa_27006,medmcqa,low,4264,1,1,1,1,1.0
medmcqa_16429,medmcqa,low,4264,1,1,1,1,1.0
medmcqa_17426,medmcqa,low,4264,1,1,1,1,1.0
medmcqa_30655,medmcqa,low,4264,1,1,1,1,1.0
mirage_37253,mirage,low,4264,1,1,1,1,1.0
medmcqa_26291,medmcqa,low,4264,1,1,1,1,1.0
mirage_37448,mirage,low,4264,1,1,1,1,1.0
medmcqa_26170,medmcqa,low,4264,4,0,1,1,0.25
medmcqa_22221,medmcqa,low,4264,1,1,1,1,1.0
medmcqa_27741,medmcqa,low,4264,245,0,0,0,0.004081632653061225
medmcqa_18687,medmcqa,low,4264,1,1,1,1,1.0
medmcqa_20484,medmcqa,low,4264,12,0,0,0,0.08333333333333333
mirage_38003,mirage,low,4264,1,1,1,1,1.0
mirage_34518,mirage,low,4264,1,1,1,1,1.0
mirage_37454,mirage,low,4264,1,1,1,1,1.0
medmcqa_20918,medmcqa,low,4264,1,1,1,1,1.0
medmcqa_29223,medmcqa,low,4264,1,1,1,1,1.0
medmcqa_11870,medmcqa,low,4264,1,1,1,1,1.0
medmcqa_27867,medmcqa,low,4264,3,0,1,1,0.3333333333333333
medmcqa_13312,medmcqa,low,4264,11,0,0,0,0.09090909090909091
medmcqa_18539,medmcqa,low,4264,1,1,1,1,1.0
medmcqa_12010,medmcqa,low,4264,1,1,1,1,1.0
medmcqa_29328,medmcqa,low,4264,1,1,1,1,1.0
medmcqa_24074,medmcqa,low,4264,3,0,1,1,0.3333333333333333
medmcqa_24822,medmcqa,low,4264,1,1,1,1,1.0
medmcqa_26693,medmcqa,low,4264,1,1,1,1,1.0
medmcqa_27618,medmcqa,low,4264,1,1,1,1,1.0
medmcqa_20044,medmcqa,low,4264,1,1,1,1,1.0
medmcqa_21803,medmcqa,low,4264,1,1,1,1,1.0
medmcqa_13201,medmcqa,low,4264,1,1,1,1,1.0
mirage_33416,mirage,low,4264,1,1,1,1,1.0
medmcqa_29650,medmcqa,low,4264,15,0,0,0,0.06666666666666667
medmcqa_21442,medmcqa,low,4264,1,1,1,1,1.0
medmcqa_27919,medmcqa,low,4264,1,1,1,1,1.0
medmcqa_12558,medmcqa,low,4264,1,1,1,1,1.0
medmcqa_16187,medmcqa,low,4264,1,1,1,1,1.0
medmcqa_26694,medmcqa,low,4264,1,1,1,1,1.0
medmcqa_12337,medmcqa,low,4264,1,1,1,1,1.0
medmcqa_12414,medmcqa,low,4264,2,0,1,1,0.5
mirage_36988,mirage,low,4264,1,1,1,1,1.0
medmcqa_30811,medmcqa,low,4264,1,1,1,1,1.0
medmcqa_22769,medmcqa,low,4264,2,0,1,1,0.5
medmcqa_14810,medmcqa,low,4264,1,1,1,1,1.0
medmcqa_16158,medmcqa,low,4264,1,1,1,1,1.0
medmcqa_25362,medmcqa,low,4264,1,1,1,1,1.0
medmcqa_31186,medmcqa,low,4264,1,1,1,1,1.0
medmcqa_20219,medmcqa,low,4264,1,1,1,1,1.0
medmcqa_23761,medmcqa,low,4264,1,1,1,1,1.0
medmcqa_23733,medmcqa,low,4264,271,0,0,0,0.0036900369003690036
medmcqa_16248,medmcqa,low,4264,1,1,1,1,1.0
medmcqa_18842,medmcqa,low,4264,1,1,1,1,1.0
medmcqa_19382,medmcqa,low,4264,3,0,1,1,0.3333333333333333
medmcqa_23296,medmcqa,low,4264,1,1,1,1,1.0
medmcqa_18336,medmcqa,low,4264,1,1,1,1,1.0
medmcqa_17163,medmcqa,low,4264,1,1,1,1,1.0
medmcqa_12171,medmcqa,low,4264,1,1,1,1,1.0
medmcqa_18705,medmcqa,low,4264,1,1,1,1,1.0
medmcqa_15109,medmcqa,low,4264,1,1,1,1,1.0
medmcqa_12201,medmcqa,low,4264,1,1,1,1,1.0
medmcqa_25093,medmcqa,low,4264,1,1,1,1,1.0
medmcqa_12012,medmcqa,low,4264,1,1,1,1,1.0
mirage_37641,mirage,low,4264,1,1,1,1,1.0
mirage_37568,mirage,low,4264,1,1,1,1,1.0
medmcqa_20964,medmcqa,low,4264,3,0,1,1,0.3333333333333333
medmcqa_16417,medmcqa,low,4264,1,1,1,1,1.0
medqa_1443,medqa,low,4264,13,0,0,0,0.07692307692307693
medmcqa_15797,medmcqa,low,4264,1,1,1,1,1.0
mirage_33808,mirage,low,4264,1,1,1,1,1.0
medmcqa_19575,medmcqa,low,4264,1,1,1,1,1.0
medmcqa_19057,medmcqa,low,4264,1,1,1,1,1.0
medmcqa_20767,medmcqa,low,4264,1,1,1,1,1.0
medmcqa_21772,medmcqa,low,4264,1,1,1,1,1.0
medmcqa_12055,medmcqa,low,4264,1,1,1,1,1.0
medmcqa_17457,medmcqa,low,4264,1,1,1,1,1.0
medmcqa_28237,medmcqa,low,4264,1,1,1,1,1.0
mirage_36530,mirage,low,4264,1,1,1,1,1.0
medmcqa_12689,medmcqa,low,4264,1,1,1,1,1.0
medmcqa_13766,medmcqa,low,4264,2,0,1,1,0.5
medmcqa_12011,medmcqa,low,4264,1,1,1,1,1.0
medmcqa_23433,medmcqa,low,4264,2,0,1,1,0.5
medmcqa_14103,medmcqa,low,4264,193,0,0,0,0.0051813471502590676
medmcqa_12219,medmcqa,low,4264,4,0,1,1,0.25
medmcqa_21686,medmcqa,low,4264,1,1,1,1,1.0
medmcqa_21112,medmcqa,low,4264,3,0,1,1,0.3333333333333333
mirage_34581,mirage,low,4264,1,1,1,1,1.0
mirage_37122,mirage,low,4264,1,1,1,1,1.0
mirage_34199,mirage,low,4264,1,1,1,1,1.0
medmcqa_25831,medmcqa,low,4264,127,0,0,0,0.007874015748031496
medmcqa_12756,medmcqa,low,4264,1,1,1,1,1.0
medmcqa_20249,medmcqa,low,4264,1,1,1,1,1.0
medmcqa_23832,medmcqa,low,4264,4,0,1,1,0.25
medmcqa_18119,medmcqa,low,4264,1,1,1,1,1.0
medmcqa_25423,medmcqa,low,4264,291,0,0,0,0.003436426116838488
medmcqa_24611,medmcqa,low,4264,11,0,0,0,0.09090909090909091
medmcqa_22118,medmcqa,low,4264,1,1,1,1,1.0
medmcqa_12907,medmcqa,low,4264,1,1,1,1,1.0
medmcqa_11786,medmcqa,low,4264,1,1,1,1,1.0
medmcqa_29812,medmcqa,low,4264,1,1,1,1,1.0
medmcqa_19339,medmcqa,low,4264,1,1,1,1,1.0
medmcqa_17727,medmcqa,low,4264,1,1,1,1,1.0
medmcqa_12160,medmcqa,low,4264,1,1,1,1,1.0
mirage_33518,mirage,low,4264,1,1,1,1,1.0
medmcqa_25396,medmcqa,low,4264,1,1,1,1,1.0
medmcqa_22088,medmcqa,low,4264,1,1,1,1,1.0
medmcqa_28584,medmcqa,low,4264,1,1,1,1,1.0
medmcqa_17272,medmcqa,low,4264,2,0,1,1,0.5
medmcqa_22351,medmcqa,low,4264,1,1,1,1,1.0
medmcqa_22701,medmcqa,low,4264,1,1,1,1,1.0
mirage_37954,mirage,low,4264,1,1,1,1,1.0
mirage_37708,mirage,low,4264,1,1,1,1,1.0
medmcqa_13193,medmcqa,low,4264,1,1,1,1,1.0
medmcqa_18090,medmcqa,low,4264,1,1,1,1,1.0
medmcqa_23101,medmcqa,low,4264,2,0,1,1,0.5
medmcqa_14879,medmcqa,low,4264,1,1,1,1,1.0
medmcqa_26277,medmcqa,low,4264,1,1,1,1,1.0
medmcqa_14842,medmcqa,low,4264,1,1,1,1,1.0
medmcqa_21605,medmcqa,low,4264,1,1,1,1,1.0
medmcqa_15872,medmcqa,low,4264,1,1,1,1,1.0
medmcqa_19150,medmcqa,low,4264,1,1,1,1,1.0
medmcqa_26222,medmcqa,low,4264,1,1,1,1,1.0
medmcqa_19740,medmcqa,low,4264,1,1,1,1,1.0
mirage_38019,mirage,low,4264,1,1,1,1,1.0
medmcqa_18098,medmcqa,low,4264,1,1,1,1,1.0
medmcqa_25903,medmcqa,low,4264,1,1,1,1,1.0
mirage_37168,mirage,low,4264,1,1,1,1,1.0
medmcqa_18623,medmcqa,low,4264,1,1,1,1,1.0
mirage_37086,mirage,low,4264,1,1,1,1,1.0
medmcqa_15575,medmcqa,low,4264,2,0,1,1,0.5
medmcqa_30114,medmcqa,low,4264,1,1,1,1,1.0
mirage_36506,mirage,low,4264,2,0,1,1,0.5
medmcqa_21855,medmcqa,low,4264,1,1,1,1,1.0
mirage_37308,mirage,low,4264,1,1,1,1,1.0
medmcqa_29705,medmcqa,low,4264,1,1,1,1,1.0
medmcqa_20581,medmcqa,low,4264,1,1,1,1,1.0
medmcqa_19443,medmcqa,low,4264,1,1,1,1,1.0
medmcqa_16106,medmcqa,low,4264,1,1,1,1,1.0
medmcqa_13110,medmcqa,low,4264,1,1,1,1,1.0
medmcqa_26289,medmcqa,low,4264,1,1,1,1,1.0
medmcqa_23684,medmcqa,low,4264,11,0,0,0,0.09090909090909091
mirage_37418,mirage,low,4264,1,1,1,1,1.0
medmcqa_20654,medmcqa,low,4264,1,1,1,1,1.0
medmcqa_25786,medmcqa,low,4264,1,1,1,1,1.0
medmcqa_30274,medmcqa,low,4264,1,1,1,1,1.0
medmcqa_20377,medmcqa,low,4264,1,1,1,1,1.0
medmcqa_22795,medmcqa,low,4264,1,1,1,1,1.0
medmcqa_11627,medmcqa,low,4264,1,1,1,1,1.0
medmcqa_12964,medmcqa,low,4264,1,1,1,1,1.0
mirage_37427,mirage,low,4264,1,1,1,1,1.0
medmcqa_24629,medmcqa,low,4264,1,1,1,1,1.0
medmcqa_15730,medmcqa,low,4264,1,1,1,1,1.0
medmcqa_15634,medmcqa,low,4264,1,1,1,1,1.0
mirage_36886,mirage,low,4264,1,1,1,1,1.0
medmcqa_15347,medmcqa,low,4264,1,1,1,1,1.0
medmcqa_17326,medmcqa,low,4264,1,1,1,1,1.0
medmcqa_26600,medmcqa,low,4264,1,1,1,1,1.0
mirage_33462,mirage,low,4264,1,1,1,1,1.0
medmcqa_17353,medmcqa,low,4264,1,1,1,1,1.0
medmcqa_30239,medmcqa,low,4264,1,1,1,1,1.0
mirage_37112,mirage,low,4264,1,1,1,1,1.0
medmcqa_12249,medmcqa,low,4264,1,1,1,1,1.0
mirage_37014,mirage,low,4264,1,1,1,1,1.0
medmcqa_13907,medmcqa,low,4264,1,1,1,1,1.0
medmcqa_13523,medmcqa,low,4264,1,1,1,1,1.0
medmcqa_31388,medmcqa,low,4264,1,1,1,1,1.0
medmcqa_11974,medmcqa,low,4264,1,1,1,1,1.0
medmcqa_19758,medmcqa,low,4264,2,0,1,1,0.5
mirage_36176,mirage,low,4264,1,1,1,1,1.0
mirage_36846,mirage,low,4264,1,1,1,1,1.0
mirage_35114,mirage,low,4264,1,1,1,1,1.0
medmcqa_22378,medmcqa,low,4264,1,1,1,1,1.0
mirage_37388,mirage,low,4264,1,1,1,1,1.0
medmcqa_24402,medmcqa,low,4264,1,1,1,1,1.0
mirage_37453,mirage,low,4264,1,1,1,1,1.0
medmcqa_16055,medmcqa,low,4264,29,0,0,0,0.034482758620689655
medmcqa_18412,medmcqa,low,4264,1,1,1,1,1.0
medmcqa_28360,medmcqa,low,4264,1,1,1,1,1.0
medmcqa_30078,medmcqa,low,4264,1,1,1,1,1.0
mirage_37162,mirage,low,4264,1,1,1,1,1.0
mirage_37864,mirage,low,4264,1,1,1,1,1.0
medmcqa_19754,medmcqa,low,4264,1,1,1,1,1.0
mirage_37041,mirage,low,4264,1,1,1,1,1.0
mirage_37542,mirage,low,4264,1,1,1,1,1.0
mirage_36663,mirage,low,4264,1,1,1,1,1.0
mirage_37438,mirage,low,4264,1,1,1,1,1.0
medmcqa_26065,medmcqa,low,4264,2,0,1,1,0.5
medmcqa_22027,medmcqa,low,4264,1,1,1,1,1.0
medmcqa_12312,medmcqa,low,4264,1,1,1,1,1.0
medmcqa_16095,medmcqa,low,4264,1,1,1,1,1.0
medmcqa_20683,medmcqa,low,4264,33,0,0,0,0.030303030303030304
medmcqa_12732,medmcqa,low,4264,1,1,1,1,1.0
medqa_4155,medqa,low,4264,1,1,1,1,1.0
medmcqa_26988,medmcqa,low,4264,1,1,1,1,1.0
medmcqa_12291,medmcqa,low,4264,1,1,1,1,1.0
medmcqa_17046,medmcqa,low,4264,1,1,1,1,1.0
medmcqa_16421,medmcqa,low,4264,1,1,1,1,1.0
medmcqa_19822,medmcqa,low,4264,1,1,1,1,1.0
mirage_36192,mirage,low,4264,1,1,1,1,1.0
medmcqa_15897,medmcqa,low,4264,1,1,1,1,1.0
mirage_38268,mirage,low,4264,1,1,1,1,1.0
medmcqa_12703,medmcqa,low,4264,1,1,1,1,1.0
medmcqa_22676,medmcqa,low,4264,7,0,0,1,0.14285714285714285
medmcqa_29941,medmcqa,low,4264,1,1,1,1,1.0
medmcqa_12659,medmcqa,low,4264,2,0,1,1,0.5
medmcqa_12758,medmcqa,low,4264,3,0,1,1,0.3333333333333333
medmcqa_14330,medmcqa,low,4264,1,1,1,1,1.0
mirage_37482,mirage,low,4264,1,1,1,1,1.0
medqa_6962,medqa,low,4264,1,1,1,1,1.0
medmcqa_12569,medmcqa,low,4264,1,1,1,1,1.0
medmcqa_26696,medmcqa,low,4264,1,1,1,1,1.0
medmcqa_21498,medmcqa,low,4264,1,1,1,1,1.0
medmcqa_15392,medmcqa,low,4264,1,1,1,1,1.0
mirage_37072,mirage,low,4264,1,1,1,1,1.0
medmcqa_25412,medmcqa,low,4264,1,1,1,1,1.0
medmcqa_31125,medmcqa,low,4264,1,1,1,1,1.0
medmcqa_22961,medmcqa,low,4264,1,1,1,1,1.0
mirage_37280,mirage,low,4264,1,1,1,1,1.0
medmcqa_12743,medmcqa,low,4264,1,1,1,1,1.0
medmcqa_27151,medmcqa,low,4264,1,1,1,1,1.0
mirage_37205,mirage,low,4264,1,1,1,1,1.0
medmcqa_15624,medmcqa,low,4264,1,1,1,1,1.0
medmcqa_18890,medmcqa,low,4264,1,1,1,1,1.0
medmcqa_16251,medmcqa,low,4264,1,1,1,1,1.0
medmcqa_15681,medmcqa,low,4264,1,1,1,1,1.0
medmcqa_12478,medmcqa,low,4264,1,1,1,1,1.0
medmcqa_28115,medmcqa,low,4264,1,1,1,1,1.0
medmcqa_20097,medmcqa,low,4264,1,1,1,1,1.0
medmcqa_23290,medmcqa,low,4264,1,1,1,1,1.0
medmcqa_13877,medmcqa,low,4264,3,0,1,1,0.3333333333333333
medmcqa_18255,medmcqa,low,4264,1,1,1,1,1.0
medmcqa_13730,medmcqa,low,4264,4,0,1,1,0.25
mirage_32573,mirage,low,4264,1,1,1,1,1.0
medmcqa_20851,medmcqa,low,4264,20,0,0,0,0.05
mirage_37855,mirage,low,4264,1,1,1,1,1.0
medmcqa_14267,medmcqa,low,4264,1,1,1,1,1.0
medmcqa_13511,medmcqa,low,4264,3,0,1,1,0.3333333333333333
medmcqa_12770,medmcqa,low,4264,1,1,1,1,1.0
medmcqa_16415,medmcqa,low,4264,1,1,1,1,1.0
medmcqa_20888,medmcqa,low,4264,1,1,1,1,1.0
medmcqa_11820,medmcqa,low,4264,1,1,1,1,1.0
medmcqa_30373,medmcqa,low,4264,1,1,1,1,1.0
medmcqa_17121,medmcqa,low,4264,46,0,0,0,0.021739130434782608
medqa_7456,medqa,medium,4264,1,1,1,1,1.0
medqa_11402,medqa,medium,4264,1,1,1,1,1.0
medmcqa_19854,medmcqa,medium,4264,2,0,1,1,0.5
medmcqa_15338,medmcqa,medium,4264,1,1,1,1,1.0
mirage_33575,mirage,medium,4264,53,0,0,0,0.018867924528301886
medmcqa_15900,medmcqa,medium,4264,1,1,1,1,1.0
medqa_11287,medqa,medium,4264,75,0,0,0,0.013333333333333334
medmcqa_26363,medmcqa,medium,4264,1,1,1,1,1.0
medmcqa_15699,medmcqa,medium,4264,8,0,0,1,0.125
medmcqa_21995,medmcqa,medium,4264,1,1,1,1,1.0
medmcqa_24045,medmcqa,medium,4264,1,1,1,1,1.0
medqa_2893,medqa,medium,4264,2,0,1,1,0.5
mirage_36974,mirage,medium,4264,1,1,1,1,1.0
medqa_10595,medqa,medium,4264,1,1,1,1,1.0
medmcqa_27536,medmcqa,medium,4264,1,1,1,1,1.0
mirage_34731,mirage,medium,4264,1,1,1,1,1.0
mirage_36798,mirage,medium,4264,1,1,1,1,1.0
mirage_35022,mirage,medium,4264,1,1,1,1,1.0
medmcqa_13722,medmcqa,medium,4264,1,1,1,1,1.0
medmcqa_13052,medmcqa,medium,4264,1,1,1,1,1.0
mirage_31362,mirage,medium,4264,1,1,1,1,1.0
mirage_35893,mirage,medium,4264,1,1,1,1,1.0
medmcqa_20792,medmcqa,medium,4264,1,1,1,1,1.0
medmcqa_16161,medmcqa,medium,4264,1,1,1,1,1.0
medqa_718,medqa,medium,4264,1,1,1,1,1.0
medqa_9556,medqa,medium,4264,11,0,0,0,0.09090909090909091
medqa_4777,medqa,medium,4264,2,0,1,1,0.5
medmcqa_17217,medmcqa,medium,4264,1,1,1,1,1.0
medqa_10954,medqa,medium,4264,1,1,1,1,1.0
medqa_925,medqa,medium,4264,1,1,1,1,1.0
medqa_9473,medqa,medium,4264,1,1,1,1,1.0
medmcqa_22843,medmcqa,medium,4264,1,1,1,1,1.0
medmcqa_21781,medmcqa,medium,4264,1263,0,0,0,0.000791765637371338
mirage_35683,mirage,medium,4264,1,1,1,1,1.0
medqa_360,medqa,medium,4264,1,1,1,1,1.0
medqa_11167,medqa,medium,4264,8,0,0,1,0.125
medmcqa_23254,medmcqa,medium,4264,1,1,1,1,1.0
medqa_5495,medqa,medium,4264,1,1,1,1,1.0
medmcqa_15721,medmcqa,medium,4264,1,1,1,1,1.0
medmcqa_12003,medmcqa,medium,4264,1,1,1,1,1.0
mirage_32425,mirage,medium,4264,2,0,1,1,0.5
medmcqa_23757,medmcqa,medium,4264,1,1,1,1,1.0
medmcqa_22662,medmcqa,medium,4264,1,1,1,1,1.0
mirage_33038,mirage,medium,4264,2,0,1,1,0.5
medqa_7165,medqa,medium,4264,1,1,1,1,1.0
medqa_6759,medqa,medium,4264,1,1,1,1,1.0
medmcqa_29846,medmcqa,medium,4264,1,1,1,1,1.0
medqa_2688,medqa,medium,4264,1,1,1,1,1.0
mirage_31253,mirage,medium,4264,1,1,1,1,1.0
medmcqa_12849,medmcqa,medium,4264,1,1,1,1,1.0
medqa_10640,medqa,medium,4264,1,1,1,1,1.0
medmcqa_23359,medmcqa,medium,4264,1,1,1,1,1.0
mirage_31584,mirage,medium,4264,2,0,1,1,0.5
medqa_4529,medqa,medium,4264,1,1,1,1,1.0
medqa_4078,medqa,medium,4264,1,1,1,1,1.0
medmcqa_18770,medmcqa,medium,4264,26,0,0,0,0.038461538461538464
medqa_5385,medqa,medium,4264,1,1,1,1,1.0
medqa_11176,medqa,medium,4264,2,0,1,1,0.5
medmcqa_25698,medmcqa,medium,4264,1,1,1,1,1.0
medmcqa_20774,medmcqa,medium,4264,10,0,0,1,0.1
medmcqa_15424,medmcqa,medium,4264,1,1,1,1,1.0
medmcqa_24333,medmcqa,medium,4264,1,1,1,1,1.0
medmcqa_30096,medmcqa,medium,4264,1,1,1,1,1.0
medqa_775,medqa,medium,4264,1,1,1,1,1.0
medmcqa_25114,medmcqa,medium,4264,1,1,1,1,1.0
medqa_4106,medqa,medium,4264,1,1,1,1,1.0
medmcqa_24420,medmcqa,medium,4264,1,1,1,1,1.0
medqa_1011,medqa,medium,4264,5,0,1,1,0.2
medmcqa_28341,medmcqa,medium,4264,1,1,1,1,1.0
medmcqa_19832,medmcqa,medium,4264,15,0,0,0,0.06666666666666667
medmcqa_24345,medmcqa,medium,4264,1,1,1,1,1.0
medmcqa_17951,medmcqa,medium,4264,1,1,1,1,1.0
medmcqa_14185,medmcqa,medium,4264,1,1,1,1,1.0
medmcqa_21430,medmcqa,medium,4264,1,1,1,1,1.0
medqa_1397,medqa,medium,4264,1,1,1,1,1.0
medmcqa_20160,medmcqa,medium,4264,1,1,1,1,1.0
mirage_32382,mirage,medium,4264,1,1,1,1,1.0
medqa_11104,medqa,medium,4264,2,0,1,1,0.5
mirage_35009,mirage,medium,4264,32,0,0,0,0.03125
medmcqa_22074,medmcqa,medium,4264,1,1,1,1,1.0
medmcqa_13633,medmcqa,medium,4264,1,1,1,1,1.0
medqa_4508,medqa,medium,4264,1,1,1,1,1.0
medqa_6910,medqa,medium,4264,25,0,0,0,0.04
medmcqa_22557,medmcqa,medium,4264,1,1,1,1,1.0
medmcqa_24439,medmcqa,medium,4264,2,0,1,1,0.5
medmcqa_22184,medmcqa,medium,4264,1,1,1,1,1.0
medmcqa_26519,medmcqa,medium,4264,1,1,1,1,1.0
medmcqa_29912,medmcqa,medium,4264,1,1,1,1,1.0
medmcqa_12248,medmcqa,medium,4264,1,1,1,1,1.0
mirage_31738,mirage,medium,4264,41,0,0,0,0.024390243902439025
medmcqa_25348,medmcqa,medium,4264,1,1,1,1,1.0
medmcqa_16072,medmcqa,medium,4264,1,1,1,1,1.0
medqa_3425,medqa,medium,4264,1,1,1,1,1.0
medmcqa_25688,medmcqa,medium,4264,1,1,1,1,1.0
medmcqa_18980,medmcqa,medium,4264,1,1,1,1,1.0
medmcqa_28780,medmcqa,medium,4264,1,1,1,1,1.0
medmcqa_26274,medmcqa,medium,4264,1,1,1,1,1.0
medmcqa_31241,medmcqa,medium,4264,1,1,1,1,1.0
mirage_31482,mirage,medium,4264,2,0,1,1,0.5
medmcqa_27145,medmcqa,medium,4264,1,1,1,1,1.0
medqa_3693,medqa,medium,4264,15,0,0,0,0.06666666666666667
medqa_10677,medqa,medium,4264,5,0,1,1,0.2
medmcqa_14012,medmcqa,medium,4264,1,1,1,1,1.0
medqa_10325,medqa,medium,4264,1,1,1,1,1.0
medqa_4377,medqa,medium,4264,1,1,1,1,1.0
medqa_1440,medqa,medium,4264,1,1,1,1,1.0
medqa_7703,medqa,medium,4264,312,0,0,0,0.003205128205128205
medqa_5232,medqa,medium,4264,1,1,1,1,1.0
medqa_10758,medqa,medium,4264,1,1,1,1,1.0
medmcqa_20612,medmcqa,medium,4264,1,1,1,1,1.0
medqa_1704,medqa,medium,4264,1,1,1,1,1.0
medmcqa_25072,medmcqa,medium,4264,1,1,1,1,1.0
medmcqa_12791,medmcqa,medium,4264,1,1,1,1,1.0
medmcqa_23515,medmcqa,medium,4264,1,1,1,1,1.0
medqa_3502,medqa,medium,4264,7,0,0,1,0.14285714285714285
medqa_4911,medqa,medium,4264,16,0,0,0,0.0625
medmcqa_27257,medmcqa,medium,4264,1,1,1,1,1.0
medqa_6631,medqa,medium,4264,1,1,1,1,1.0
medmcqa_11579,medmcqa,medium,4264,1,1,1,1,1.0
medmcqa_23996,medmcqa,medium,4264,6,0,0,1,0.16666666666666666
medqa_9519,medqa,medium,4264,2,0,1,1,0.5
medqa_2507,medqa,medium,4264,78,0,0,0,0.01282051282051282
medmcqa_15550,medmcqa,medium,4264,1,1,1,1,1.0
medqa_4923,medqa,medium,4264,52,0,0,0,0.019230769230769232
medqa_9945,medqa,medium,4264,26,0,0,0,0.038461538461538464
medqa_3214,medqa,medium,4264,2,0,1,1,0.5
medqa_9322,medqa,medium,4264,23,0,0,0,0.043478260869565216
medmcqa_31000,medmcqa,medium,4264,6,0,0,1,0.16666666666666666
medqa_6846,medqa,medium,4264,1,1,1,1,1.0
mirage_36395,mirage,medium,4264,1,1,1,1,1.0
medqa_9155,medqa,medium,4264,1,1,1,1,1.0
medmcqa_27714,medmcqa,medium,4264,1,1,1,1,1.0
medmcqa_16565,medmcqa,medium,4264,1,1,1,1,1.0
medmcqa_30072,medmcqa,medium,4264,1,1,1,1,1.0
medqa_192,medqa,medium,4264,1,1,1,1,1.0
medmcqa_26018,medmcqa,medium,4264,1,1,1,1,1.0
medqa_1053,medqa,medium,4264,2,0,1,1,0.5
medmcqa_17225,medmcqa,medium,4264,1,1,1,1,1.0
medqa_9825,medqa,medium,4264,3,0,1,1,0.3333333333333333
medmcqa_29182,medmcqa,medium,4264,1,1,1,1,1.0
medmcqa_16628,medmcqa,medium,4264,50,0,0,0,0.02
medmcqa_29896,medmcqa,medium,4264,1,1,1,1,1.0
medqa_8976,medqa,medium,4264,1,1,1,1,1.0
medmcqa_25751,medmcqa,medium,4264,1,1,1,1,1.0
medmcqa_17041,medmcqa,medium,4264,1,1,1,1,1.0
medmcqa_27844,medmcqa,medium,4264,2,0,1,1,0.5
mirage_37499,mirage,medium,4264,1,1,1,1,1.0
medqa_2096,medqa,medium,4264,3,0,1,1,0.3333333333333333
medqa_11354,medqa,medium,4264,9,0,0,1,0.1111111111111111
medmcqa_26649,medmcqa,medium,4264,1,1,1,1,1.0
mirage_32103,mirage,medium,4264,1,1,1,1,1.0
medmcqa_25949,medmcqa,medium,4264,1,1,1,1,1.0
medmcqa_14218,medmcqa,medium,4264,1,1,1,1,1.0
mirage_31755,mirage,medium,4264,1,1,1,1,1.0
medqa_3914,medqa,medium,4264,1,1,1,1,1.0
medmcqa_25262,medmcqa,medium,4264,7,0,0,1,0.14285714285714285
medmcqa_18514,medmcqa,medium,4264,4,0,1,1,0.25
medqa_577,medqa,medium,4264,1,1,1,1,1.0
medmcqa_18229,medmcqa,medium,4264,1,1,1,1,1.0
medmcqa_18767,medmcqa,medium,4264,1,1,1,1,1.0
medmcqa_28556,medmcqa,medium,4264,2,0,1,1,0.5
medmcqa_17676,medmcqa,medium,4264,1,1,1,1,1.0
medqa_3135,medqa,medium,4264,1,1,1,1,1.0
medqa_2082,medqa,medium,4264,1,1,1,1,1.0
mirage_31531,mirage,medium,4264,2,0,1,1,0.5
medqa_10458,medqa,medium,4264,1,1,1,1,1.0
medmcqa_18504,medmcqa,medium,4264,1,1,1,1,1.0
medqa_762,medqa,medium,4264,2,0,1,1,0.5
medmcqa_25587,medmcqa,medium,4264,1,1,1,1,1.0
medmcqa_23610,medmcqa,medium,4264,1,1,1,1,1.0
medmcqa_28629,medmcqa,medium,4264,1,1,1,1,1.0
medmcqa_18896,medmcqa,medium,4264,1,1,1,1,1.0
medmcqa_11903,medmcqa,medium,4264,1,1,1,1,1.0
mirage_36817,mirage,medium,4264,1,1,1,1,1.0
mirage_37221,mirage,medium,4264,1,1,1,1,1.0
medqa_5139,medqa,medium,4264,1,1,1,1,1.0
medmcqa_18323,medmcqa,medium,4264,1,1,1,1,1.0
medqa_2623,medqa,medium,4264,1,1,1,1,1.0
mirage_34085,mirage,medium,4264,1,1,1,1,1.0
medmcqa_26811,medmcqa,medium,4264,1,1,1,1,1.0
medqa_5196,medqa,medium,4264,1,1,1,1,1.0
medqa_1822,medqa,medium,4264,1,1,1,1,1.0
medmcqa_30228,medmcqa,medium,4264,12,0,0,0,0.08333333333333333
medqa_9912,medqa,medium,4264,2,0,1,1,0.5
medqa_5155,medqa,medium,4264,1,1,1,1,1.0
mirage_31508,mirage,medium,4264,1,1,1,1,1.0
mirage_33568,mirage,medium,4264,1,1,1,1,1.0
medmcqa_30826,medmcqa,medium,4264,1,1,1,1,1.0
medqa_4871,medqa,medium,4264,1,1,1,1,1.0
medqa_1632,medqa,medium,4264,1,1,1,1,1.0
medmcqa_17089,medmcqa,medium,4264,1,1,1,1,1.0
medqa_5575,medqa,medium,4264,2,0,1,1,0.5
medqa_10158,medqa,medium,4264,1,1,1,1,1.0
medmcqa_17481,medmcqa,medium,4264,1,1,1,1,1.0
medmcqa_24957,medmcqa,medium,4264,40,0,0,0,0.025
medqa_7536,medqa,medium,4264,2,0,1,1,0.5
medmcqa_23464,medmcqa,medium,4264,1,1,1,1,1.0
medqa_3228,medqa,medium,4264,1,1,1,1,1.0
medqa_10658,medqa,medium,4264,1,1,1,1,1.0
medqa_6726,medqa,medium,4264,1,1,1,1,1.0
medmcqa_29730,medmcqa,medium,4264,1,1,1,1,1.0
medqa_8885,medqa,medium,4264,1,1,1,1,1.0
medqa_6659,medqa,medium,4264,60,0,0,0,0.016666666666666666
medmcqa_21301,medmcqa,medium,4264,1,1,1,1,1.0
medmcqa_26975,medmcqa,medium,4264,1,1,1,1,1.0
medqa_7125,medqa,medium,4264,1,1,1,1,1.0
medqa_10103,medqa,medium,4264,9,0,0,1,0.1111111111111111
medmcqa_30850,medmcqa,medium,4264,1,1,1,1,1.0
medqa_9320,medqa,medium,4264,2,0,1,1,0.5
medqa_6320,medqa,medium,4264,1,1,1,1,1.0
medqa_9206,medqa,medium,4264,1,1,1,1,1.0
medmcqa_27609,medmcqa,medium,4264,1,1,1,1,1.0
medqa_611,medqa,medium,4264,1,1,1,1,1.0
medmcqa_29731,medmcqa,medium,4264,1,1,1,1,1.0
medqa_8266,medqa,medium,4264,1,1,1,1,1.0
medqa_8897,medqa,medium,4264,1,1,1,1,1.0
medqa_3410,medqa,medium,4264,26,0,0,0,0.038461538461538464
medmcqa_24192,medmcqa,medium,4264,1,1,1,1,1.0
medmcqa_18117,medmcqa,medium,4264,1,1,1,1,1.0
medmcqa_13895,medmcqa,medium,4264,1,1,1,1,1.0
medmcqa_26749,medmcqa,medium,4264,3,0,1,1,0.3333333333333333
medqa_7869,medqa,medium,4264,1,1,1,1,1.0
medqa_11057,medqa,medium,4264,1,1,1,1,1.0
medmcqa_25260,medmcqa,medium,4264,3,0,1,1,0.3333333333333333
medmcqa_24049,medmcqa,medium,4264,1,1,1,1,1.0
medqa_7095,medqa,medium,4264,11,0,0,0,0.09090909090909091
medqa_3282,medqa,medium,4264,1,1,1,1,1.0
mirage_35847,mirage,medium,4264,1,1,1,1,1.0
mirage_31430,mirage,medium,4264,3,0,1,1,0.3333333333333333
medmcqa_27728,medmcqa,medium,4264,2,0,1,1,0.5
medqa_4130,medqa,medium,4264,2,0,1,1,0.5
medqa_8120,medqa,medium,4264,1,1,1,1,1.0
medmcqa_11703,medmcqa,medium,4264,1,1,1,1,1.0
medqa_10261,medqa,medium,4264,131,0,0,0,0.007633587786259542
mirage_35586,mirage,medium,4264,1,1,1,1,1.0
medmcqa_17075,medmcqa,medium,4264,1,1,1,1,1.0
medmcqa_23787,medmcqa,medium,4264,1,1,1,1,1.0
medqa_7929,medqa,medium,4264,1,1,1,1,1.0
medmcqa_15498,medmcqa,medium,4264,1,1,1,1,1.0
mirage_32635,mirage,medium,4264,1,1,1,1,1.0
medqa_6441,medqa,medium,4264,3,0,1,1,0.3333333333333333
medqa_319,medqa,medium,4264,1,1,1,1,1.0
mirage_31085,mirage,medium,4264,3,0,1,1,0.3333333333333333
medmcqa_13035,medmcqa,medium,4264,568,0,0,0,0.0017605633802816902
medqa_11430,medqa,medium,4264,1,1,1,1,1.0
medqa_935,medqa,medium,4264,1,1,1,1,1.0
medmcqa_18443,medmcqa,medium,4264,1,1,1,1,1.0
medmcqa_30158,medmcqa,medium,4264,1,1,1,1,1.0
medqa_958,medqa,medium,4264,26,0,0,0,0.038461538461538464
medmcqa_17087,medmcqa,medium,4264,1,1,1,1,1.0
mirage_36419,mirage,medium,4264,1,1,1,1,1.0
medmcqa_11993,medmcqa,medium,4264,1,1,1,1,1.0
mirage_37054,mirage,medium,4264,1,1,1,1,1.0
medqa_4992,medqa,medium,4264,210,0,0,0,0.004761904761904762
medmcqa_15875,medmcqa,medium,4264,1,1,1,1,1.0
medqa_6565,medqa,medium,4264,7,0,0,1,0.14285714285714285
medqa_10356,medqa,medium,4264,18,0,0,0,0.05555555555555555
medqa_10268,medqa,medium,4264,1,1,1,1,1.0
mirage_36884,mirage,medium,4264,1,1,1,1,1.0
medqa_11349,medqa,medium,4264,224,0,0,0,0.004464285714285714
medqa_6960,medqa,medium,4264,1,1,1,1,1.0
medqa_3037,medqa,medium,4264,1,1,1,1,1.0
medmcqa_19230,medmcqa,medium,4264,1,1,1,1,1.0
medmcqa_26035,medmcqa,medium,4264,1,1,1,1,1.0
mirage_31218,mirage,medium,4264,1,1,1,1,1.0
medmcqa_12782,medmcqa,medium,4264,1,1,1,1,1.0
medqa_9205,medqa,medium,4264,1,1,1,1,1.0
medmcqa_27666,medmcqa,medium,4264,1,1,1,1,1.0
mirage_34027,mirage,medium,4264,1,1,1,1,1.0
medqa_8007,medqa,medium,4264,3,0,1,1,0.3333333333333333
medmcqa_28461,medmcqa,medium,4264,2,0,1,1,0.5
medmcqa_21436,medmcqa,medium,4264,15,0,0,0,0.06666666666666667
medmcqa_19968,medmcqa,medium,4264,1,1,1,1,1.0
mirage_38250,mirage,medium,4264,1,1,1,1,1.0
medqa_3775,medqa,medium,4264,2,0,1,1,0.5
mirage_38190,mirage,medium,4264,1,1,1,1,1.0
medmcqa_19755,medmcqa,medium,4264,1,1,1,1,1.0
medqa_11100,medqa,medium,4264,5,0,1,1,0.2
medmcqa_23925,medmcqa,medium,4264,1,1,1,1,1.0
mirage_31792,mirage,medium,4264,1,1,1,1,1.0
medqa_7313,medqa,medium,4264,5,0,1,1,0.2
medmcqa_17127,medmcqa,medium,4264,1,1,1,1,1.0
medmcqa_16298,medmcqa,medium,4264,6,0,0,1,0.16666666666666666
medqa_4284,medqa,medium,4264,1,1,1,1,1.0
mirage_34863,mirage,medium,4264,1,1,1,1,1.0
medmcqa_28214,medmcqa,medium,4264,1,1,1,1,1.0
medqa_10935,medqa,medium,4264,1,1,1,1,1.0
medmcqa_19345,medmcqa,medium,4264,1,1,1,1,1.0
mirage_38235,mirage,medium,4264,2,0,1,1,0.5
medmcqa_30778,medmcqa,medium,4264,3,0,1,1,0.3333333333333333
medqa_3875,medqa,medium,4264,1,1,1,1,1.0
medmcqa_31015,medmcqa,medium,4264,270,0,0,0,0.003703703703703704
medqa_7907,medqa,medium,4264,1,1,1,1,1.0
mirage_37293,mirage,medium,4264,1,1,1,1,1.0
medqa_3295,medqa,medium,4264,1,1,1,1,1.0
medqa_5994,medqa,medium,4264,1,1,1,1,1.0
medmcqa_21273,medmcqa,medium,4264,1,1,1,1,1.0
medmcqa_16048,medmcqa,medium,4264,1,1,1,1,1.0
medmcqa_15176,medmcqa,medium,4264,176,0,0,0,0.005681818181818182
medmcqa_25542,medmcqa,medium,4264,1,1,1,1,1.0
medqa_3859,medqa,high,4264,1,1,1,1,1.0
medmcqa_29264,medmcqa,high,4264,1,1,1,1,1.0
mirage_34795,mirage,high,4264,1,1,1,1,1.0
medqa_10059,medqa,high,4264,9,0,0,1,0.1111111111111111
medqa_7091,medqa,high,4264,1,1,1,1,1.0
mirage_38701,mirage,high,4264,1,1,1,1,1.0
medqa_8255,medqa,high,4264,32,0,0,0,0.03125
medmcqa_11810,medmcqa,high,4264,265,0,0,0,0.0037735849056603774
medmcqa_19855,medmcqa,high,4264,1,1,1,1,1.0
medmcqa_26100,medmcqa,high,4264,1,1,1,1,1.0
medmcqa_18300,medmcqa,high,4264,1,1,1,1,1.0
medmcqa_31173,medmcqa,high,4264,1,1,1,1,1.0
medmcqa_22765,medmcqa,high,4264,1672,0,0,0,0.0005980861244019139
medmcqa_20578,medmcqa,high,4264,1,1,1,1,1.0
medmcqa_12526,medmcqa,high,4264,1,1,1,1,1.0
mirage_35442,mirage,high,4264,1,1,1,1,1.0
medmcqa_25110,medmcqa,high,4264,1,1,1,1,1.0
medmcqa_26954,medmcqa,high,4264,1,1,1,1,1.0
medqa_7604,medqa,high,4264,7,0,0,1,0.14285714285714285
medmcqa_28065,medmcqa,high,4264,1,1,1,1,1.0
medqa_7871,medqa,high,4264,1,1,1,1,1.0
medmcqa_23407,medmcqa,high,4264,16,0,0,0,0.0625
mirage_34374,mirage,high,4264,2,0,1,1,0.5
medqa_3195,medqa,high,4264,33,0,0,0,0.030303030303030304
medmcqa_27632,medmcqa,high,4264,3,0,1,1,0.3333333333333333
medqa_1697,medqa,high,4264,1,1,1,1,1.0
mirage_33702,mirage,high,4264,8,0,0,1,0.125
medmcqa_24307,medmcqa,high,4264,1,1,1,1,1.0
mirage_32105,mirage,high,4264,2,0,1,1,0.5
mirage_33866,mirage,high,4264,1,1,1,1,1.0
medqa_5182,medqa,high,4264,1,1,1,1,1.0
medmcqa_29458,medmcqa,high,4264,1,1,1,1,1.0
medqa_4571,medqa,high,4264,1,1,1,1,1.0
medqa_1042,medqa,high,4264,6,0,0,1,0.16666666666666666
medmcqa_22848,medmcqa,high,4264,22,0,0,0,0.045454545454545456
medqa_8325,medqa,high,4264,1,1,1,1,1.0
mirage_36106,mirage,high,4264,1,1,1,1,1.0
medmcqa_18938,medmcqa,high,4264,1,1,1,1,1.0
medqa_2264,medqa,high,4264,2,0,1,1,0.5
medmcqa_15436,medmcqa,high,4264,1,1,1,1,1.0
medqa_9645,medqa,high,4264,1,1,1,1,1.0
medmcqa_19194,medmcqa,high,4264,2,0,1,1,0.5
medqa_8052,medqa,high,4264,18,0,0,0,0.05555555555555555
mirage_34610,mirage,high,4264,1,1,1,1,1.0
medmcqa_29765,medmcqa,high,4264,19,0,0,0,0.05263157894736842
medqa_7889,medqa,high,4264,1,1,1,1,1.0
medqa_702,medqa,high,4264,1,1,1,1,1.0
medmcqa_22607,medmcqa,high,4264,1,1,1,1,1.0
mirage_35245,mirage,high,4264,1,1,1,1,1.0
medqa_2574,medqa,high,4264,1,1,1,1,1.0
medqa_6591,medqa,high,4264,3,0,1,1,0.3333333333333333
medmcqa_26032,medmcqa,high,4264,1,1,1,1,1.0
medqa_11241,medqa,high,4264,1,1,1,1,1.0
medmcqa_25649,medmcqa,high,4264,2,0,1,1,0.5
medqa_828,medqa,high,4264,41,0,0,0,0.024390243902439025
medmcqa_25863,medmcqa,high,4264,1,1,1,1,1.0
medqa_3157,medqa,high,4264,1,1,1,1,1.0
medmcqa_25574,medmcqa,high,4264,22,0,0,0,0.045454545454545456
medqa_9240,medqa,high,4264,1,1,1,1,1.0
medmcqa_26101,medmcqa,high,4264,1,1,1,1,1.0
medmcqa_11902,medmcqa,high,4264,2,0,1,1,0.5
mirage_32461,mirage,high,4264,1,1,1,1,1.0
medmcqa_28593,medmcqa,high,4264,3,0,1,1,0.3333333333333333
medmcqa_27430,medmcqa,high,4264,1,1,1,1,1.0
medmcqa_18669,medmcqa,high,4264,1,1,1,1,1.0
medqa_9423,medqa,high,4264,60,0,0,0,0.016666666666666666
medqa_2661,medqa,high,4264,1,1,1,1,1.0
mirage_33340,mirage,high,4264,1,1,1,1,1.0
plaba_38691,plaba,high,4264,102,0,0,0,0.00980392156862745
medqa_11092,medqa,high,4264,4,0,1,1,0.25
medmcqa_16089,medmcqa,high,4264,1,1,1,1,1.0
mirage_38599,mirage,high,4264,1,1,1,1,1.0
medqa_5698,medqa,high,4264,2,0,1,1,0.5
medmcqa_30089,medmcqa,high,4264,1,1,1,1,1.0
medmcqa_30415,medmcqa,high,4264,1,1,1,1,1.0
mirage_34478,mirage,high,4264,1,1,1,1,1.0
medqa_3804,medqa,high,4264,3,0,1,1,0.3333333333333333
medmcqa_31368,medmcqa,high,4264,1,1,1,1,1.0
medmcqa_28842,medmcqa,high,4264,4,0,1,1,0.25
medqa_5026,medqa,high,4264,1,1,1,1,1.0
medmcqa_13297,medmcqa,high,4264,1,1,1,1,1.0
medmcqa_25141,medmcqa,high,4264,1,1,1,1,1.0
medmcqa_16624,medmcqa,high,4264,1,1,1,1,1.0
medmcqa_18951,medmcqa,high,4264,1,1,1,1,1.0
medqa_668,medqa,high,4264,6,0,0,1,0.16666666666666666
medmcqa_15446,medmcqa,high,4264,1,1,1,1,1.0
mirage_38587,mirage,high,4264,1,1,1,1,1.0
medmcqa_25856,medmcqa,high,4264,1,1,1,1,1.0
medqa_5414,medqa,high,4264,1,1,1,1,1.0
medqa_8979,medqa,high,4264,1,1,1,1,1.0
medmcqa_14971,medmcqa,high,4264,1,1,1,1,1.0
medmcqa_18203,medmcqa,high,4264,20,0,0,0,0.05
mirage_35949,mirage,high,4264,1,1,1,1,1.0
mirage_32290,mirage,high,4264,2,0,1,1,0.5
medqa_2552,medqa,high,4264,1,1,1,1,1.0
medqa_3516,medqa,high,4264,1,1,1,1,1.0
mirage_37027,mirage,high,4264,1,1,1,1,1.0
medqa_1191,medqa,high,4264,1,1,1,1,1.0
medqa_3189,medqa,high,4264,4,0,1,1,0.25
medqa_9939,medqa,high,4264,1,1,1,1,1.0
medqa_5925,medqa,high,4264,226,0,0,0,0.004424778761061947
medmcqa_20900,medmcqa,high,4264,1,1,1,1,1.0
medqa_10619,medqa,high,4264,1,1,1,1,1.0
mirage_32817,mirage,high,4264,1,1,1,1,1.0
medqa_1695,medqa,high,4264,29,0,0,0,0.034482758620689655
mirage_36969,mirage,high,4264,1,1,1,1,1.0
medmcqa_26606,medmcqa,high,4264,1,1,1,1,1.0
mirage_32718,mirage,high,4264,1,1,1,1,1.0
mirage_37294,mirage,high,4264,1,1,1,1,1.0
pubmedqa_40393,pubmedqa,high,4264,6,0,0,1,0.16666666666666666
mirage_35366,mirage,high,4264,2,0,1,1,0.5
medmcqa_25636,medmcqa,high,4264,1,1,1,1,1.0
mirage_36258,mirage,high,4264,1,1,1,1,1.0
medmcqa_21796,medmcqa,high,4264,1,1,1,1,1.0
medqa_9554,medqa,high,4264,1,1,1,1,1.0
medqa_11019,medqa,high,4264,2,0,1,1,0.5
medmcqa_29146,medmcqa,high,4264,3,0,1,1,0.3333333333333333
mirage_36471,mirage,high,4264,1,1,1,1,1.0
medmcqa_28496,medmcqa,high,4264,2,0,1,1,0.5
medqa_10228,medqa,high,4264,2,0,1,1,0.5
medqa_8055,medqa,high,4264,76,0,0,0,0.013157894736842105
medqa_9451,medqa,high,4264,1,1,1,1,1.0
medqa_5467,medqa,high,4264,1,1,1,1,1.0
mirage_36231,mirage,high,4264,1,1,1,1,1.0
medmcqa_16166,medmcqa,high,4264,1,1,1,1,1.0
medqa_1899,medqa,high,4264,16,0,0,0,0.0625
medmcqa_27628,medmcqa,high,4264,179,0,0,0,0.00558659217877095
medqa_10839,medqa,high,4264,1,1,1,1,1.0
medqa_2176,medqa,high,4264,4,0,1,1,0.25
medqa_7176,medqa,high,4264,1,1,1,1,1.0
medqa_5940,medqa,high,4264,1,1,1,1,1.0
medmcqa_22186,medmcqa,high,4264,1,1,1,1,1.0
medmcqa_27812,medmcqa,high,4264,2,0,1,1,0.5
medmcqa_21965,medmcqa,high,4264,1,1,1,1,1.0
medqa_8393,medqa,high,4264,1,1,1,1,1.0
medqa_833,medqa,high,4264,1,1,1,1,1.0
plaba_38786,plaba,high,4264,1589,0,0,0,0.0006293266205160479
medqa_11258,medqa,high,4264,2,0,1,1,0.5
mirage_33631,mirage,high,4264,3,0,1,1,0.3333333333333333
medqa_546,medqa,high,4264,1,1,1,1,1.0
medqa_11154,medqa,high,4264,1,1,1,1,1.0
medmcqa_13369,medmcqa,high,4264,3,0,1,1,0.3333333333333333
medqa_4478,medqa,high,4264,1,1,1,1,1.0
medmcqa_24514,medmcqa,high,4264,21,0,0,0,0.047619047619047616
mirage_34654,mirage,high,4264,1,1,1,1,1.0
medqa_6282,medqa,high,4264,1,1,1,1,1.0
mirage_33986,mirage,high,4264,1,1,1,1,1.0
medmcqa_29702,medmcqa,high,4264,1,1,1,1,1.0
medmcqa_17403,medmcqa,high,4264,1,1,1,1,1.0
medmcqa_24670,medmcqa,high,4264,1,1,1,1,1.0
medqa_6829,medqa,high,4264,19,0,0,0,0.05263157894736842
medqa_8418,medqa,high,4264,1,1,1,1,1.0
mirage_32757,mirage,high,4264,1,1,1,1,1.0
medqa_8945,medqa,high,4264,1,1,1,1,1.0
medmcqa_17505,medmcqa,high,4264,1,1,1,1,1.0
medmcqa_22317,medmcqa,high,4264,1,1,1,1,1.0
pubmedqa_40400,pubmedqa,high,4264,169,0,0,0,0.005917159763313609
medqa_230,medqa,high,4264,2,0,1,1,0.5
medmcqa_23591,medmcqa,high,4264,1,1,1,1,1.0
medqa_6521,medqa,high,4264,1,1,1,1,1.0
medqa_2751,medqa,high,4264,1,1,1,1,1.0
medmcqa_22621,medmcqa,high,4264,2,0,1,1,0.5
medmcqa_18578,medmcqa,high,4264,1,1,1,1,1.0
mirage_36154,mirage,high,4264,1,1,1,1,1.0
medmcqa_19539,medmcqa,high,4264,1,1,1,1,1.0
medmcqa_27671,medmcqa,high,4264,5,0,1,1,0.2
medqa_2182,medqa,high,4264,1,1,1,1,1.0
medqa_3033,medqa,high,4264,5,0,1,1,0.2
medqa_6597,medqa,high,4264,1,1,1,1,1.0
medqa_3915,medqa,high,4264,1,1,1,1,1.0
medmcqa_17349,medmcqa,high,4264,1,1,1,1,1.0
medqa_8533,medqa,high,4264,1,1,1,1,1.0
medqa_9605,medqa,high,4264,2,0,1,1,0.5
medqa_10692,medqa,high,4264,1,1,1,1,1.0
medmcqa_30065,medmcqa,high,4264,1,1,1,1,1.0
medmcqa_15821,medmcqa,high,4264,1,1,1,1,1.0
pubmedqa_40290,pubmedqa,high,4264,627,0,0,0,0.001594896331738437
medmcqa_21231,medmcqa,high,4264,1,1,1,1,1.0
medqa_444,medqa,high,4264,1,1,1,1,1.0
mirage_31369,mirage,high,4264,1,1,1,1,1.0
medqa_5317,medqa,high,4264,7,0,0,1,0.14285714285714285
medqa_5061,medqa,high,4264,1,1,1,1,1.0
medmcqa_17184,medmcqa,high,4264,1,1,1,1,1.0
medmcqa_23468,medmcqa,high,4264,1,1,1,1,1.0
medqa_5739,medqa,high,4264,15,0,0,0,0.06666666666666667
mirage_36202,mirage,high,4264,1,1,1,1,1.0
medmcqa_25920,medmcqa,high,4264,1,1,1,1,1.0
medmcqa_29010,medmcqa,high,4264,1,1,1,1,1.0
medqa_1691,medqa,high,4264,4,0,1,1,0.25
medmcqa_28686,medmcqa,high,4264,1,1,1,1,1.0
medmcqa_17556,medmcqa,high,4264,1,1,1,1,1.0
medmcqa_29785,medmcqa,high,4264,2,0,1,1,0.5
mirage_34385,mirage,high,4264,1,1,1,1,1.0
medmcqa_29563,medmcqa,high,4264,1,1,1,1,1.0
medqa_1221,medqa,high,4264,1,1,1,1,1.0
medqa_490,medqa,high,4264,4,0,1,1,0.25
medqa_7395,medqa,high,4264,2,0,1,1,0.5
medmcqa_19996,medmcqa,high,4264,1,1,1,1,1.0
medqa_5355,medqa,high,4264,1,1,1,1,1.0
medqa_6569,medqa,high,4264,1,1,1,1,1.0
mirage_32462,mirage,high,4264,1,1,1,1,1.0
medqa_9599,medqa,high,4264,1,1,1,1,1.0
medqa_6750,medqa,high,4264,4,0,1,1,0.25
medqa_5602,medqa,high,4264,1,1,1,1,1.0
medmcqa_17909,medmcqa,high,4264,1,1,1,1,1.0
medmcqa_20206,medmcqa,high,4264,13,0,0,0,0.07692307692307693
medmcqa_24790,medmcqa,high,4264,1,1,1,1,1.0
plaba_38632,plaba,high,4264,1364,0,0,0,0.0007331378299120235
medmcqa_13410,medmcqa,high,4264,1,1,1,1,1.0
mirage_31956,mirage,high,4264,1,1,1,1,1.0
mirage_34304,mirage,high,4264,1,1,1,1,1.0
medqa_9840,medqa,high,4264,2,0,1,1,0.5
medqa_6806,medqa,high,4264,1,1,1,1,1.0
medmcqa_29261,medmcqa,high,4264,2,0,1,1,0.5
medmcqa_28010,medmcqa,high,4264,1,1,1,1,1.0
medqa_235,medqa,high,4264,1,1,1,1,1.0
medqa_2081,medqa,high,4264,5,0,1,1,0.2
medqa_7881,medqa,high,4264,3,0,1,1,0.3333333333333333
medmcqa_19769,medmcqa,high,4264,211,0,0,0,0.004739336492890996
medmcqa_20269,medmcqa,high,4264,3,0,1,1,0.3333333333333333
medmcqa_31162,medmcqa,high,4264,16,0,0,0,0.0625
medmcqa_23919,medmcqa,high,4264,1,1,1,1,1.0
medmcqa_20224,medmcqa,high,4264,45,0,0,0,0.022222222222222223
medqa_993,medqa,high,4264,1,1,1,1,1.0
medmcqa_19798,medmcqa,high,4264,1,1,1,1,1.0
medqa_1237,medqa,high,4264,13,0,0,0,0.07692307692307693
medqa_7827,medqa,high,4264,1,1,1,1,1.0
medmcqa_13015,medmcqa,high,4264,2,0,1,1,0.5
medmcqa_16485,medmcqa,high,4264,1,1,1,1,1.0
medmcqa_22222,medmcqa,high,4264,1,1,1,1,1.0
medqa_6526,medqa,high,4264,319,0,0,0,0.003134796238244514
medmcqa_15319,medmcqa,high,4264,1,1,1,1,1.0
mirage_31925,mirage,high,4264,29,0,0,0,0.034482758620689655
medqa_10629,medqa,high,4264,1,1,1,1,1.0
medqa_1648,medqa,high,4264,1,1,1,1,1.0
medqa_11059,medqa,high,4264,1,1,1,1,1.0
medmcqa_20464,medmcqa,high,4264,1,1,1,1,1.0
mirage_36012,mirage,high,4264,58,0,0,0,0.017241379310344827
medmcqa_19483,medmcqa,high,4264,1,1,1,1,1.0
medqa_8866,medqa,high,4264,1,1,1,1,1.0
medqa_8061,medqa,high,4264,1,1,1,1,1.0
pubmedqa_40301,pubmedqa,high,4264,2,0,1,1,0.5
medmcqa_21935,medmcqa,high,4264,1,1,1,1,1.0
medqa_9902,medqa,high,4264,1,1,1,1,1.0
medqa_6377,medqa,high,4264,1,1,1,1,1.0
medmcqa_12352,medmcqa,high,4264,1,1,1,1,1.0
medqa_7438,medqa,high,4264,1,1,1,1,1.0
medqa_295,medqa,high,4264,1,1,1,1,1.0
medqa_2419,medqa,high,4264,1,1,1,1,1.0
medmcqa_17320,medmcqa,high,4264,1,1,1,1,1.0
medqa_10002,medqa,high,4264,2,0,1,1,0.5
mirage_36615,mirage,high,4264,1,1,1,1,1.0
mirage_33598,mirage,high,4264,1,1,1,1,1.0
medmcqa_22705,medmcqa,high,4264,2,0,1,1,0.5
medqa_1921,medqa,high,4264,1,1,1,1,1.0
medmcqa_18724,medmcqa,high,4264,1,1,1,1,1.0
mirage_36786,mirage,high,4264,1,1,1,1,1.0
plaba_39165,plaba,high,4264,96,0,0,0,0.010416666666666666
medmcqa_27886,medmcqa,high,4264,1,1,1,1,1.0
medmcqa_16910,medmcqa,high,4264,1,1,1,1,1.0
medmcqa_26684,medmcqa,high,4264,1,1,1,1,1.0
pubmedqa_39947,pubmedqa,high,4264,10,0,0,1,0.1
medmcqa_20789,medmcqa,high,4264,13,0,0,0,0.07692307692307693
mirage_32120,mirage,high,4264,14,0,0,0,0.07142857142857142
mirage_31331,mirage,high,4264,2,0,1,1,0.5
medqa_4542,medqa,high,4264,1,1,1,1,1.0
medmcqa_18633,medmcqa,high,4264,1,1,1,1,1.0
medqa_1101,medqa,high,4264,1,1,1,1,1.0
medqa_10914,medqa,high,4264,2,0,1,1,0.5
medmcqa_29732,medmcqa,high,4264,1,1,1,1,1.0
plaba_39057,plaba,high,4264,1,1,1,1,1.0
medqa_9661,medqa,high,4264,1,1,1,1,1.0
plaba_39091,plaba,high,4264,462,0,0,0,0.0021645021645021645
medqa_329,medqa,high,4264,1,1,1,1,1.0
medmcqa_11768,medmcqa,high,4264,1,1,1,1,1.0
medqa_2320,medqa,high,4264,1,1,1,1,1.0
medqa_3724,medqa,high,4264,1,1,1,1,1.0
mirage_36792,mirage,high,4264,1,1,1,1,1.0
mirage_37365,mirage,high,4264,1,1,1,1,1.0
medqa_4489,medqa,high,4264,1,1,1,1,1.0
medqa_10388,medqa,high,4264,1,1,1,1,1.0
mirage_35585,mirage,high,4264,1,1,1,1,1.0
medqa_5544,medqa,high,4264,67,0,0,0,0.014925373134328358
medqa_10898,medqa,high,4264,1,1,1,1,1.0
plaba_39247,plaba,high,4264,97,0,0,0,0.010309278350515464
medqa_687,medqa,high,4264,1,1,1,1,1.0
medqa_7404,medqa,high,4264,1,1,1,1,1.0
medmcqa_16514,medmcqa,high,4264,1,1,1,1,1.0
pubmedqa_40502,pubmedqa,high,4264,1,1,1,1,1.0
medqa_5141,medqa,high,4264,1,1,1,1,1.0
medqa_8443,medqa,high,4264,10,0,0,1,0.1
mirage_31968,mirage,high,4264,1,1,1,1,1.0
medqa_2861,medqa,high,4264,1,1,1,1,1.0
mirage_31894,mirage,high,4264,1,1,1,1,1.0
pubmedqa_40335,pubmedqa,high,4264,1,1,1,1,1.0
medmcqa_18829,medmcqa,high,4264,1,1,1,1,1.0
mirage_35478,mirage,high,4264,1,1,1,1,1.0
medmcqa_14097,medmcqa,high,4264,1,1,1,1,1.0
mirage_35019,mirage,high,4264,1,1,1,1,1.0
medqa_1876,medqa,high,4264,1,1,1,1,1.0
medmcqa_26818,medmcqa,clinical,4264,1,1,1,1,1.0
pubmedqa_40111,pubmedqa,clinical,4264,2,0,1,1,0.5
mirage_36111,mirage,clinical,4264,1,1,1,1,1.0
pubmedqa_39651,pubmedqa,clinical,4264,5,0,1,1,0.2
medmcqa_11735,medmcqa,clinical,4264,1,1,1,1,1.0
pubmedqa_40195,pubmedqa,clinical,4264,1,1,1,1,1.0
medmcqa_11538,medmcqa,clinical,4264,1,1,1,1,1.0
plaba_38673,plaba,clinical,4264,57,0,0,0,0.017543859649122806
medqa_7716,medqa,clinical,4264,1,1,1,1,1.0
plaba_38852,plaba,clinical,4264,121,0,0,0,0.008264462809917356
plaba_39173,plaba,clinical,4264,155,0,0,0,0.0064516129032258064
mirage_33003,mirage,clinical,4264,1,1,1,1,1.0
mirage_33217,mirage,clinical,4264,1,1,1,1,1.0
mirage_33745,mirage,clinical,4264,1,1,1,1,1.0
medmcqa_21085,medmcqa,clinical,4264,1,1,1,1,1.0
mirage_35065,mirage,clinical,4264,1,1,1,1,1.0
plaba_39064,plaba,clinical,4264,10,0,0,1,0.1
plaba_39369,plaba,clinical,4264,1337,0,0,0,0.0007479431563201197
mirage_35802,mirage,clinical,4264,1,1,1,1,1.0
medqa_1869,medqa,clinical,4264,1,1,1,1,1.0
medmcqa_20605,medmcqa,clinical,4264,1,1,1,1,1.0
mirage_35526,mirage,clinical,4264,1,1,1,1,1.0
plaba_38743,plaba,clinical,4264,125,0,0,0,0.008
medmcqa_24268,medmcqa,clinical,4264,1,1,1,1,1.0
medmcqa_24316,medmcqa,clinical,4264,2,0,1,1,0.5
medmcqa_18440,medmcqa,clinical,4264,1,1,1,1,1.0
mirage_35955,mirage,clinical,4264,1,1,1,1,1.0
medmcqa_12792,medmcqa,clinical,4264,17,0,0,0,0.058823529411764705
medmcqa_19784,medmcqa,clinical,4264,128,0,0,0,0.0078125
mirage_36021,mirage,clinical,4264,1,1,1,1,1.0
pubmedqa_40485,pubmedqa,clinical,4264,1,1,1,1,1.0
medqa_172,medqa,clinical,4264,1,1,1,1,1.0
medmcqa_12070,medmcqa,clinical,4264,1,1,1,1,1.0
pubmedqa_39636,pubmedqa,clinical,4264,2,0,1,1,0.5
medqa_10698,medqa,clinical,4264,1,1,1,1,1.0
pubmedqa_39603,pubmedqa,clinical,4264,6,0,0,1,0.16666666666666666
medmcqa_31333,medmcqa,clinical,4264,1,1,1,1,1.0
mirage_34929,mirage,clinical,4264,1,1,1,1,1.0
medmcqa_24780,medmcqa,clinical,4264,2,0,1,1,0.5
medmcqa_23493,medmcqa,clinical,4264,1,1,1,1,1.0
mirage_38406,mirage,clinical,4264,1,1,1,1,1.0
plaba_39291,plaba,clinical,4264,36,0,0,0,0.027777777777777776
medmcqa_27128,medmcqa,clinical,4264,1,1,1,1,1.0
medmcqa_27827,medmcqa,clinical,4264,1,1,1,1,1.0
mirage_36324,mirage,clinical,4264,1,1,1,1,1.0
medmcqa_27416,medmcqa,clinical,4264,2,0,1,1,0.5
medqa_1972,medqa,clinical,4264,1,1,1,1,1.0
medmcqa_19138,medmcqa,clinical,4264,1,1,1,1,1.0
medqa_4152,medqa,clinical,4264,1,1,1,1,1.0
mirage_36397,mirage,clinical,4264,1,1,1,1,1.0
mirage_35197,mirage,clinical,4264,1,1,1,1,1.0
pubmedqa_39663,pubmedqa,clinical,4264,14,0,0,0,0.07142857142857142
plaba_39124,plaba,clinical,4264,83,0,0,0,0.012048192771084338
mirage_33881,mirage,clinical,4264,1,1,1,1,1.0
pubmedqa_40122,pubmedqa,clinical,4264,1,1,1,1,1.0
plaba_39433,plaba,clinical,4264,1,1,1,1,1.0
medmcqa_18321,medmcqa,clinical,4264,1,1,1,1,1.0
medmcqa_20013,medmcqa,clinical,4264,1,1,1,1,1.0
medqa_8406,medqa,clinical,4264,2,0,1,1,0.5
mirage_35188,mirage,clinical,4264,1,1,1,1,1.0
medmcqa_27428,medmcqa,clinical,4264,1,1,1,1,1.0
mirage_35825,mirage,clinical,4264,1,1,1,1,1.0
medmcqa_11558,medmcqa,clinical,4264,1,1,1,1,1.0
plaba_39240,plaba,clinical,4264,3,0,1,1,0.3333333333333333
medmcqa_12844,medmcqa,clinical,4264,1,1,1,1,1.0
medmcqa_27273,medmcqa,clinical,4264,1,1,1,1,1.0
medmcqa_31396,medmcqa,clinical,4264,1,1,1,1,1.0
medmcqa_28543,medmcqa,clinical,4264,1,1,1,1,1.0
medqa_5953,medqa,clinical,4264,1,1,1,1,1.0
mirage_35077,mirage,clinical,4264,2,0,1,1,0.5
medmcqa_18275,medmcqa,clinical,4264,1,1,1,1,1.0
pubmedqa_40415,pubmedqa,clinical,4264,8,0,0,1,0.125
medqa_6674,medqa,clinical,4264,218,0,0,0,0.0045871559633027525
medqa_6913,medqa,clinical,4264,1,1,1,1,1.0
mirage_33148,mirage,clinical,4264,1,1,1,1,1.0
mirage_32228,mirage,clinical,4264,3,0,1,1,0.3333333333333333
medmcqa_28962,medmcqa,clinical,4264,1,1,1,1,1.0
medqa_234,medqa,clinical,4264,1,1,1,1,1.0
plaba_38827,plaba,clinical,4264,3,0,1,1,0.3333333333333333
mirage_35511,mirage,clinical,4264,1,1,1,1,1.0
medmcqa_28183,medmcqa,clinical,4264,1,1,1,1,1.0
mirage_38434,mirage,clinical,4264,1,1,1,1,1.0
mirage_35361,mirage,clinical,4264,1,1,1,1,1.0
mirage_34156,mirage,clinical,4264,3,0,1,1,0.3333333333333333
mirage_34463,mirage,clinical,4264,1,1,1,1,1.0
medqa_6874,medqa,clinical,4264,1,1,1,1,1.0
medqa_11386,medqa,clinical,4264,9,0,0,1,0.1111111111111111
medmcqa_13349,medmcqa,clinical,4264,1,1,1,1,1.0
medmcqa_26951,medmcqa,clinical,4264,1,1,1,1,1.0
pubmedqa_40427,pubmedqa,clinical,4264,4,0,1,1,0.25
medmcqa_11726,medmcqa,clinical,4264,1,1,1,1,1.0
mirage_32840,mirage,clinical,4264,1,1,1,1,1.0
medmcqa_19215,medmcqa,clinical,4264,1,1,1,1,1.0
plaba_38880,plaba,clinical,4264,451,0,0,0,0.0022172949002217295
medqa_372,medqa,clinical,4264,1,1,1,1,1.0
pubmedqa_40164,pubmedqa,clinical,4264,3,0,1,1,0.3333333333333333
pubmedqa_40100,pubmedqa,clinical,4264,45,0,0,0,0.022222222222222223
mirage_35815,mirage,clinical,4264,1,1,1,1,1.0
pubmedqa_40028,pubmedqa,clinical,4264,2,0,1,1,0.5
medmcqa_24251,medmcqa,clinical,4264,1,1,1,1,1.0
medmcqa_17506,medmcqa,clinical,4264,143,0,0,0,0.006993006993006993
plaba_39344,plaba,clinical,4264,156,0,0,0,0.00641025641025641
mirage_32643,mirage,clinical,4264,1,1,1,1,1.0
mirage_35704,mirage,clinical,4264,1,1,1,1,1.0
mirage_35603,mirage,clinical,4264,1,1,1,1,1.0
pubmedqa_39566,pubmedqa,clinical,4264,1,1,1,1,1.0
pubmedqa_40050,pubmedqa,clinical,4264,1,1,1,1,1.0
mirage_36164,mirage,clinical,4264,1,1,1,1,1.0
medmcqa_17220,medmcqa,clinical,4264,1,1,1,1,1.0
plaba_38800,plaba,clinical,4264,1,1,1,1,1.0
mirage_35060,mirage,clinical,4264,1,1,1,1,1.0
medmcqa_30225,medmcqa,clinical,4264,1,1,1,1,1.0
medmcqa_12147,medmcqa,clinical,4264,1,1,1,1,1.0
plaba_39327,plaba,clinical,4264,51,0,0,0,0.0196078431372549
pubmedqa_40067,pubmedqa,clinical,4264,3,0,1,1,0.3333333333333333
pubmedqa_39909,pubmedqa,clinical,4264,3,0,1,1,0.3333333333333333
mirage_32739,mirage,clinical,4264,1,1,1,1,1.0
plaba_39123,plaba,clinical,4264,61,0,0,0,0.01639344262295082
medmcqa_24411,medmcqa,clinical,4264,1,1,1,1,1.0
mirage_35040,mirage,clinical,4264,1,1,1,1,1.0
medmcqa_22642,medmcqa,clinical,4264,1,1,1,1,1.0
medmcqa_21161,medmcqa,clinical,4264,1,1,1,1,1.0
mirage_34800,mirage,clinical,4264,1,1,1,1,1.0
medmcqa_25087,medmcqa,clinical,4264,1,1,1,1,1.0
medmcqa_25200,medmcqa,clinical,4264,38,0,0,0,0.02631578947368421
medqa_629,medqa,clinical,4264,1,1,1,1,1.0
mirage_33590,mirage,clinical,4264,1,1,1,1,1.0
mirage_34949,mirage,clinical,4264,1,1,1,1,1.0
mirage_32881,mirage,clinical,4264,1,1,1,1,1.0
medmcqa_17293,medmcqa,clinical,4264,1,1,1,1,1.0
pubmedqa_39858,pubmedqa,clinical,4264,1,1,1,1,1.0
mirage_34381,mirage,clinical,4264,1,1,1,1,1.0
medmcqa_25953,medmcqa,clinical,4264,1,1,1,1,1.0
pubmedqa_39846,pubmedqa,clinical,4264,1,1,1,1,1.0
mirage_35904,mirage,clinical,4264,1,1,1,1,1.0
medmcqa_16458,medmcqa,clinical,4264,1,1,1,1,1.0
plaba_38993,plaba,clinical,4264,283,0,0,0,0.0035335689045936395
plaba_39376,plaba,clinical,4264,7,0,0,1,0.14285714285714285
medmcqa_13669,medmcqa,clinical,4264,1,1,1,1,1.0
mirage_35284,mirage,clinical,4264,1,1,1,1,1.0
medqa_1879,medqa,clinical,4264,1,1,1,1,1.0
medmcqa_23001,medmcqa,clinical,4264,1,1,1,1,1.0
medqa_4108,medqa,clinical,4264,1,1,1,1,1.0
mirage_36262,mirage,clinical,4264,1,1,1,1,1.0
pubmedqa_40289,pubmedqa,clinical,4264,97,0,0,0,0.010309278350515464
medmcqa_12228,medmcqa,clinical,4264,3,0,1,1,0.3333333333333333
medmcqa_18465,medmcqa,clinical,4264,1,1,1,1,1.0
medqa_7028,medqa,clinical,4264,2,0,1,1,0.5
mirage_33765,mirage,clinical,4264,1,1,1,1,1.0
medqa_10956,medqa,clinical,4264,3,0,1,1,0.3333333333333333
pubmedqa_40229,pubmedqa,clinical,4264,2,0,1,1,0.5
medmcqa_23956,medmcqa,clinical,4264,1,1,1,1,1.0
medmcqa_19442,medmcqa,clinical,4264,1,1,1,1,1.0
mirage_34312,mirage,clinical,4264,1,1,1,1,1.0
pubmedqa_40040,pubmedqa,clinical,4264,15,0,0,0,0.06666666666666667
medmcqa_19950,medmcqa,clinical,4264,1,1,1,1,1.0
medmcqa_13741,medmcqa,clinical,4264,1,1,1,1,1.0
mirage_38154,mirage,clinical,4264,1,1,1,1,1.0
mirage_36892,mirage,clinical,4264,1,1,1,1,1.0
mirage_34650,mirage,clinical,4264,1,1,1,1,1.0
pubmedqa_40148,pubmedqa,clinical,4264,8,0,0,1,0.125
pubmedqa_39572,pubmedqa,clinical,4264,1,1,1,1,1.0
medmcqa_15924,medmcqa,clinical,4264,33,0,0,0,0.030303030303030304
medmcqa_16151,medmcqa,clinical,4264,1,1,1,1,1.0
mirage_32335,mirage,clinical,4264,1,1,1,1,1.0
mirage_36424,mirage,clinical,4264,1,1,1,1,1.0
mirage_35120,mirage,clinical,4264,1,1,1,1,1.0
medmcqa_24062,medmcqa,clinical,4264,1,1,1,1,1.0
medmcqa_16085,medmcqa,clinical,4264,2,0,1,1,0.5
pubmedqa_40080,pubmedqa,clinical,4264,169,0,0,0,0.005917159763313609
medmcqa_23651,medmcqa,clinical,4264,1,1,1,1,1.0
medmcqa_23286,medmcqa,clinical,4264,1,1,1,1,1.0
medqa_551,medqa,clinical,4264,1,1,1,1,1.0
mirage_35593,mirage,clinical,4264,1,1,1,1,1.0
mirage_34184,mirage,clinical,4264,1,1,1,1,1.0
medmcqa_25558,medmcqa,clinical,4264,1,1,1,1,1.0
mirage_36074,mirage,clinical,4264,1,1,1,1,1.0
medmcqa_21492,medmcqa,clinical,4264,1,1,1,1,1.0
medmcqa_18373,medmcqa,clinical,4264,1,1,1,1,1.0
medmcqa_24615,medmcqa,clinical,4264,1,1,1,1,1.0
plaba_39071,plaba,clinical,4264,2,0,1,1,0.5
plaba_38704,plaba,clinical,4264,5,0,1,1,0.2
medqa_7962,medqa,clinical,4264,1,1,1,1,1.0
mirage_32870,mirage,clinical,4264,1,1,1,1,1.0
medqa_9223,medqa,clinical,4264,1,1,1,1,1.0
medqa_9500,medqa,clinical,4264,2,0,1,1,0.5
plaba_39111,plaba,clinical,4264,44,0,0,0,0.022727272727272728
mirage_36369,mirage,clinical,4264,2,0,1,1,0.5
medmcqa_19401,medmcqa,clinical,4264,408,0,0,0,0.0024509803921568627
medmcqa_13364,medmcqa,clinical,4264,1,1,1,1,1.0
medmcqa_21116,medmcqa,clinical,4264,1,1,1,1,1.0
medmcqa_24149,medmcqa,clinical,4264,1,1,1,1,1.0
medmcqa_26675,medmcqa,clinical,4264,1,1,1,1,1.0
mirage_36441,mirage,clinical,4264,1,1,1,1,1.0
mirage_33080,mirage,clinical,4264,1,1,1,1,1.0
mirage_34704,mirage,clinical,4264,1,1,1,1,1.0
mirage_32360,mirage,clinical,4264,1,1,1,1,1.0
mirage_38075,mirage,clinical,4264,1,1,1,1,1.0
plaba_38702,plaba,clinical,4264,3,0,1,1,0.3333333333333333
medqa_2386,medqa,clinical,4264,5,0,1,1,0.2
medqa_5750,medqa,clinical,4264,1,1,1,1,1.0
mirage_32297,mirage,clinical,4264,1,1,1,1,1.0
medmcqa_21307,medmcqa,clinical,4264,1,1,1,1,1.0
medmcqa_18583,medmcqa,clinical,4264,47,0,0,0,0.02127659574468085
medqa_3043,medqa,clinical,4264,1,1,1,1,1.0
medmcqa_31272,medmcqa,clinical,4264,1,1,1,1,1.0
medmcqa_26215,medmcqa,clinical,4264,2,0,1,1,0.5
medmcqa_18534,medmcqa,clinical,4264,2,0,1,1,0.5
medmcqa_30790,medmcqa,clinical,4264,1,1,1,1,1.0
medmcqa_29920,medmcqa,clinical,4264,1,1,1,1,1.0
medmcqa_26528,medmcqa,clinical,4264,1,1,1,1,1.0
medmcqa_14917,medmcqa,clinical,4264,1,1,1,1,1.0
plaba_39458,plaba,clinical,4264,33,0,0,0,0.030303030303030304
mirage_34158,mirage,clinical,4264,1,1,1,1,1.0
plaba_39130,plaba,clinical,4264,22,0,0,0,0.045454545454545456
medqa_10427,medqa,clinical,4264,1,1,1,1,1.0
plaba_39215,plaba,clinical,4264,117,0,0,0,0.008547008547008548
plaba_39079,plaba,clinical,4264,11,0,0,0,0.09090909090909091
mirage_33822,mirage,clinical,4264,1,1,1,1,1.0
pubmedqa_39969,pubmedqa,clinical,4264,1,1,1,1,1.0
medmcqa_26532,medmcqa,clinical,4264,1,1,1,1,1.0
mirage_33244,mirage,clinical,4264,1,1,1,1,1.0
mirage_38596,mirage,clinical,4264,1,1,1,1,1.0
plaba_39451,plaba,clinical,4264,326,0,0,0,0.003067484662576687
mirage_35214,mirage,clinical,4264,1,1,1,1,1.0
mirage_35123,mirage,clinical,4264,1,1,1,1,1.0
medqa_3895,medqa,clinical,4264,2,0,1,1,0.5
medqa_1484,medqa,clinical,4264,1,1,1,1,1.0
plaba_38932,plaba,clinical,4264,150,0,0,0,0.006666666666666667
medmcqa_27866,medmcqa,clinical,4264,1,1,1,1,1.0
medmcqa_16144,medmcqa,clinical,4264,1,1,1,1,1.0
pubmedqa_39881,pubmedqa,clinical,4264,3,0,1,1,0.3333333333333333
mirage_32800,mirage,clinical,4264,1,1,1,1,1.0
mirage_35308,mirage,clinical,4264,1,1,1,1,1.0
mirage_36139,mirage,clinical,4264,1,1,1,1,1.0
medqa_5957,medqa,clinical,4264,1,1,1,1,1.0
mirage_33630,mirage,clinical,4264,1,1,1,1,1.0
pubmedqa_39562,pubmedqa,clinical,4264,1,1,1,1,1.0
medmcqa_15033,medmcqa,clinical,4264,1,1,1,1,1.0
medqa_9843,medqa,clinical,4264,1,1,1,1,1.0
medmcqa_27243,medmcqa,clinical,4264,1,1,1,1,1.0
plaba_39545,plaba,clinical,4264,132,0,0,0,0.007575757575757576
plaba_38678,plaba,clinical,4264,14,0,0,0,0.07142857142857142
medmcqa_26671,medmcqa,clinical,4264,1,1,1,1,1.0
medmcqa_20397,medmcqa,clinical,4264,1,1,1,1,1.0
medmcqa_17051,medmcqa,clinical,4264,1,1,1,1,1.0
medmcqa_26105,medmcqa,clinical,4264,1,1,1,1,1.0
pubmedqa_40420,pubmedqa,clinical,4264,1,1,1,1,1.0
mirage_38296,mirage,clinical,4264,2,0,1,1,0.5
pubmedqa_40176,pubmedqa,clinical,4264,4,0,1,1,0.25
pubmedqa_39990,pubmedqa,clinical,4264,1,1,1,1,1.0
pubmedqa_39822,pubmedqa,clinical,4264,5,0,1,1,0.2
pubmedqa_40002,pubmedqa,clinical,4264,1,1,1,1,1.0
medmcqa_14220,medmcqa,clinical,4264,1,1,1,1,1.0
mirage_36004,mirage,clinical,4264,1,1,1,1,1.0
mirage_36314,mirage,clinical,4264,1,1,1,1,1.0
medqa_3582,medqa,clinical,4264,1,1,1,1,1.0
plaba_38864,plaba,clinical,4264,300,0,0,0,0.0033333333333333335
mirage_35406,mirage,clinical,4264,1,1,1,1,1.0
mirage_34409,mirage,clinical,4264,1,1,1,1,1.0
medmcqa_19733,medmcqa,clinical,4264,1,1,1,1,1.0
medmcqa_18955,medmcqa,clinical,4264,1,1,1,1,1.0
mirage_34465,mirage,clinical,4264,9,0,0,1,0.1111111111111111
mirage_35917,mirage,clinical,4264,1,1,1,1,1.0
medmcqa_27902,medmcqa,clinical,4264,3,0,1,1,0.3333333333333333
mirage_32212,mirage,clinical,4264,10,0,0,1,0.1
mirage_32725,mirage,clinical,4264,1,1,1,1,1.0
medqa_6986,medqa,clinical,4264,1,1,1,1,1.0
medmcqa_15186,medmcqa,clinical,4264,1,1,1,1,1.0
medmcqa_24915,medmcqa,clinical,4264,46,0,0,0,0.021739130434782608
pubmedqa_40243,pubmedqa,clinical,4264,1,1,1,1,1.0
medmcqa_20082,medmcqa,clinical,4264,1,1,1,1,1.0
mirage_34192,mirage,clinical,4264,1,1,1,1,1.0
medmcqa_15046,medmcqa,clinical,4264,1,1,1,1,1.0
medqa_6138,medqa,clinical,4264,2,0,1,1,0.5
mirage_35598,mirage,clinical,4264,1,1,1,1,1.0
pubmedqa_40486,pubmedqa,clinical,4264,1,1,1,1,1.0
medmcqa_21385,medmcqa,clinical,4264,1,1,1,1,1.0
pubmedqa_39802,pubmedqa,clinical,4264,3,0,1,1,0.3333333333333333
medqa_5719,medqa,clinical,4264,1,1,1,1,1.0
mirage_36427,mirage,clinical,4264,1,1,1,1,1.0
medmcqa_19637,medmcqa,clinical,4264,2,0,1,1,0.5
medqa_7999,medqa,clinical,4264,1,1,1,1,1.0
medmcqa_25138,medmcqa,clinical,4264,190,0,0,0,0.005263157894736842
mirage_33879,mirage,clinical,4264,1,1,1,1,1.0
medmcqa_19878,medmcqa,clinical,4264,1,1,1,1,1.0
pubmedqa_40279,pubmedqa,clinical,4264,1,1,1,1,1.0
mirage_36037,mirage,clinical,4264,1,1,1,1,1.0
medmcqa_26919,medmcqa,clinical,4264,1,1,1,1,1.0
mirage_34256,mirage,clinical,4264,1,1,1,1,1.0
mirage_34695,mirage,clinical,4264,2,0,1,1,0.5
plaba_38882,plaba,clinical,4264,3,0,1,1,0.3333333333333333
mirage_35491,mirage,clinical,4264,1,1,1,1,1.0
pubmedqa_39852,pubmedqa,clinical,4264,1,1,1,1,1.0
mirage_38042,mirage,clinical,4264,1,1,1,1,1.0
mirage_36304,mirage,clinical,4264,1,1,1,1,1.0
medmcqa_26802,medmcqa,clinical,4264,1,1,1,1,1.0
medmcqa_24976,medmcqa,clinical,4264,1,1,1,1,1.0
mirage_34203,mirage,clinical,4264,1,1,1,1,1.0
pubmedqa_39886,pubmedqa,clinical,4264,31,0,0,0,0.03225806451612903
